poiId,cityCode,name,adcode,rawTypeCode,rawType,hints,collectedAt,verification
B0LD9U4BDP,430100,特斯拉超级充电站(长沙龙湖芙蓉天街),430102,011103,汽车服务;充电站;专用充电站,原始类别为专用充电站，开放范围待核验,2026-10-03T14:34:56Z,名称或类别线索，尚未人工核验
B0LR9LQ6ZH,430100,特斯拉目的地充电站(长沙IFS目的地充电站),430102,011103,汽车服务;充电站;专用充电站,原始类别为专用充电站，开放范围待核验,2026-10-03T14:34:57Z,名称或类别线索，尚未人工核验
B0J24C5D1E,430100,特斯拉超级充电站(长沙世茂环球金融中心),430102,011103,汽车服务;充电站;专用充电站,原始类别为专用充电站，开放范围待核验,2026-10-03T14:34:58Z,名称或类别线索，尚未人工核验
B0MD0YQEW4,430100,云快充汽车充电站(岳麓山实验室集聚区农科院片区充电站),430102,011103,汽车服务;充电站;专用充电站,原始类别为专用充电站，开放范围待核验,2026-10-03T14:34:59Z,名称或类别线索，尚未人工核验
B0IU3DG6FJ,430100,小桔汽车充电站(BP快速充电站长沙芙蓉五一广场)(暂停营业),430102,011100,汽车服务;充电站;充电站,暂停营业,2026-10-03T14:34:59Z,名称或类别线索，尚未人工核验
B0MDM9ZLFD,430100,锂萌换电(长沙站),430102,011100,汽车服务;充电站;充电站,两轮或换电相关名称,2026-10-03T14:35:00Z,名称或类别线索，尚未人工核验
B0K3UCW7KY,430100,蔚来能源目的地充电站(内部使用长沙世茂环球金融中心),430102,011100,汽车服务;充电站;充电站,内部使用或限制开放,2026-10-03T14:35:01Z,名称或类别线索，尚未人工核验
B0LDGP3FZZ,430100,广汽能源汽车充电站(广汽能源长沙龙舟博物馆超充站)(暂停营业),430102,011100,汽车服务;充电站;充电站,暂停营业,2026-10-03T14:35:01Z,名称或类别线索，尚未人工核验
B0MA5RP1V5,430100,能效邻里共享汽车充电站(九道湾社区A14栋2门慢充站),430102,011100,汽车服务;充电站;充电站,名称未明确车辆类型,2026-10-03T14:35:01Z,名称或类别线索，尚未人工核验
B0MA25Q91F,430100,能效邻里共享汽车充电站(超级无敌美少女),430102,011100,汽车服务;充电站;充电站,名称未明确车辆类型,2026-10-03T14:35:01Z,名称或类别线索，尚未人工核验
B0JKDGW8U4,430100,小桔充电汽车充电站长沙市芙蓉区省监狱管理局(内部专用),430102,011103,汽车服务;充电站;专用充电站,内部使用或限制开放；原始类别为专用充电站，开放范围待核验,2026-10-03T14:35:01Z,名称或类别线索，尚未人工核验
B0K6JKO488,430100,蔚来能源目的地充电站(已拆除长沙五一广场惠农大厦)(暂停营业),430102,011100,汽车服务;充电站;充电站,暂停营业；已拆除,2026-10-03T14:35:02Z,名称或类别线索，尚未人工核验
B0MBXNY1GG,430100,驴充充汽车充电站(驴充充邻里共享充电桩芙蓉公寓e区2栋二单元门口),430102,011100,汽车服务;充电站;充电站,名称未明确车辆类型,2026-10-03T14:35:02Z,名称或类别线索，尚未人工核验
B0L2A5127S,430100,能效邻里共享汽车充电站(东玺门能效充电桩),430102,011100,汽车服务;充电站;充电站,名称未明确车辆类型,2026-10-03T14:35:02Z,名称或类别线索，尚未人工核验
B0LKSCJDEF,430100,共享充电桩(保利中环广场B区负一楼A225),430102,011100,汽车服务;充电站;充电站,名称未明确车辆类型,2026-10-03T14:35:02Z,名称或类别线索，尚未人工核验
B0M675Y8ZN,430100,能效邻里共享汽车充电站(中房瑞致国际能效充电桩),430102,011100,汽车服务;充电站;充电站,名称未明确车辆类型,2026-10-03T14:35:03Z,名称或类别线索，尚未人工核验
B0LAYL0JM8,430100,驴充充汽车充电站(共享充电桩万科金域蓝湾三期地下D086车位),430102,011100,汽车服务;充电站;充电站,名称未明确车辆类型,2026-10-03T14:35:03Z,名称或类别线索，尚未人工核验
B0JGPSK95W,430100,湖南新绿新能源白竹坡充电站,430102,010000,汽车服务;汽车服务相关;汽车服务相关,原始类别未含充电站,2026-10-03T14:35:03Z,名称或类别线索，尚未人工核验
B0L6O5B3HZ,430100,能效邻里共享汽车充电站(龙湖天宸原著二期),430102,011100,汽车服务;充电站;充电站,名称未明确车辆类型,2026-10-03T14:35:03Z,名称或类别线索，尚未人工核验
B0L3UBG62A,430100,车库电桩湖南宾馆汽车充电站(暂停营业),430102,011100,汽车服务;充电站;充电站,暂停营业,2026-10-03T14:35:03Z,名称或类别线索，尚未人工核验
B0KAV1E6PR,430100,星星充电汽车充电站(星星充电-晟威公司湘财大院充电站)(内部专用),430103,011103,汽车服务;充电站;专用充电站,内部使用或限制开放；原始类别为专用充电站，开放范围待核验,2026-10-03T14:35:05Z,名称或类别线索，尚未人工核验
B0I2H98E0F,430100,特斯拉超级充电站(长沙立达人酒店),430103,011103,汽车服务;充电站;专用充电站,原始类别为专用充电站，开放范围待核验,2026-10-03T14:35:06Z,名称或类别线索，尚未人工核验
B0I1MR9CRV,430100,湘煤能投新兰路充电站,430103,010000,汽车服务;汽车服务相关;汽车服务相关,原始类别未含充电站,2026-10-03T14:35:06Z,名称或类别线索，尚未人工核验
B0H6ZHRE4N,430100,江汉九峰充电站,430103,010000,汽车服务;汽车服务相关;汽车服务相关,原始类别未含充电站,2026-10-03T14:35:07Z,名称或类别线索，尚未人工核验
B0MA3LZCIS,430100,极氪能源超级充电站(长沙贺龙体育场南广场极充站)(暂停营业),430103,011100,汽车服务;充电站;充电站,暂停营业,2026-10-03T14:35:07Z,名称或类别线索，尚未人工核验
B0H0KZL30B,430100,晟威信息贺龙东广场汽车充电站,430103,010000,汽车服务;汽车服务相关;汽车服务相关,原始类别未含充电站,2026-10-03T14:35:08Z,名称或类别线索，尚未人工核验
B0G1KL439P,430100,中核汇天先锋公园充电站,430103,010000,汽车服务;汽车服务相关;汽车服务相关,原始类别未含充电站,2026-10-03T14:35:09Z,名称或类别线索，尚未人工核验
B0J0Z4CGJ2,430100,云快充超级充电站(艾特披塘快充与重卡充电站升级)(暂停营业),430103,011100,汽车服务;充电站;充电站,暂停营业,2026-10-03T14:35:10Z,名称或类别线索，尚未人工核验
BV11658081,430100,龙建新能源芙蓉南路充电站(公交站),430103,150700,交通设施服务;公交车站;公交车站相关,原始类别未含充电站,2026-10-03T14:35:10Z,名称或类别线索，尚未人工核验
B0IG1CES4S,430100,国家电网汽车充电站(湖南省长沙市天心区奥莱名苑公共充电站)(内部专用),430103,011103,汽车服务;充电站;专用充电站,内部使用或限制开放；原始类别为专用充电站，开放范围待核验,2026-10-03T14:35:10Z,名称或类别线索，尚未人工核验
B0IGUMWDC9,430100,国家电网汽车充电站(湖南省长沙市天心区本部交流充电站)(内部专用),430103,011100,汽车服务;充电站;充电站,内部使用或限制开放,2026-10-03T14:35:10Z,名称或类别线索，尚未人工核验
B0LGK5N6PB,430100,美的梧桐庄园能效共享汽车充电站,430103,011100,汽车服务;充电站;充电站,名称未明确车辆类型,2026-10-03T14:35:11Z,名称或类别线索，尚未人工核验
B0MD0YQ1OY,430100,云快充目的地充电站(科技职业学院暮云校区充电站),430103,011103,汽车服务;充电站;专用充电站,原始类别为专用充电站，开放范围待核验,2026-10-03T14:35:11Z,名称或类别线索，尚未人工核验
B0LD35KLMD,430100,能效邻里共享汽车充电站(欧洲城能效充电桩),430103,011100,汽车服务;充电站;充电站,名称未明确车辆类型,2026-10-03T14:35:11Z,名称或类别线索，尚未人工核验
B0I1NS8UR2,430100,特斯拉超级充电站(长沙世茂铂曼),430104,011103,汽车服务;充电站;专用充电站,原始类别为专用充电站，开放范围待核验,2026-10-03T14:35:13Z,名称或类别线索，尚未人工核验
B0K6FGEUI4,430100,特斯拉超级充电站(长沙华润欢乐颂奥莱),430104,011103,汽车服务;充电站;专用充电站,原始类别为专用充电站，开放范围待核验,2026-10-03T14:35:17Z,名称或类别线索，尚未人工核验
B0J0KG257H,430100,特斯拉超级充电站(长沙远大智慧停车楼),430104,011103,汽车服务;充电站;专用充电站,原始类别为专用充电站，开放范围待核验,2026-10-03T14:35:17Z,名称或类别线索，尚未人工核验
B0M167P2YV,430100,滴滴充电汽车充电站(长沙城发梅溪湖公交充电站)(不对外开放),430104,011103,汽车服务;充电站;专用充电站,内部使用或限制开放；原始类别为专用充电站，开放范围待核验,2026-10-03T14:35:18Z,名称或类别线索，尚未人工核验
B0K6NK1PL3,430100,云快充超级充电站(充电豹宇成广场超充站)(暂停营业),430105,011100,汽车服务;充电站;充电站,暂停营业,2026-10-03T14:35:23Z,名称或类别线索，尚未人工核验
B0K6MMCWYO,430100,中国石化汽车充电站(湖南-长沙-城北-中青路西)(暂停营业),430105,011100,汽车服务;充电站;充电站,暂停营业,2026-10-03T14:35:24Z,名称或类别线索，尚未人工核验
B0H6R99L1X,430100,特斯拉超级充电站(长沙方圆荟)(暂停营业),430105,011100,汽车服务;充电站;充电站,暂停营业,2026-10-03T14:35:25Z,名称或类别线索，尚未人工核验
B0I1NS81ZI,430100,特斯拉超级充电站(长沙北辰洲际酒店)(暂停营业),430105,011103,汽车服务;充电站;专用充电站,暂停营业；原始类别为专用充电站，开放范围待核验,2026-10-03T14:35:25Z,名称或类别线索，尚未人工核验
B0IR5AW39B,430100,星星充电汽车充电站(邦贝四方坪)(暂停营业),430105,011100,汽车服务;充电站;充电站,暂停营业,2026-10-03T14:35:25Z,名称或类别线索，尚未人工核验
B0L395RZTG,430100,能效邻里共享汽车充电站(恒大雅苑能效充电桩),430105,011100,汽车服务;充电站;充电站,名称未明确车辆类型,2026-10-03T14:35:26Z,名称或类别线索，尚未人工核验
B0H0O6RUP7,430100,小桔长征培元桥充电站,430105,010000,汽车服务;汽车服务相关;汽车服务相关,原始类别未含充电站,2026-10-03T14:35:26Z,名称或类别线索，尚未人工核验
B0HR0KJVST,430100,长沙市开福区月湖大市场充电站,430105,060000,购物服务;购物相关场所;购物相关场所,原始类别未含充电站,2026-10-03T14:35:27Z,名称或类别线索，尚未人工核验
B0FFK8U2Y5,430100,特来电汽车充电站(全洲大厦店)(内部专用),430111,011103,汽车服务;充电站;专用充电站,内部使用或限制开放；原始类别为专用充电站，开放范围待核验,2026-10-03T14:35:29Z,名称或类别线索，尚未人工核验
B0LUULQUZ8,430100,花桥电动车充电站,430111,070000,生活服务;生活服务场所;生活服务场所,名称未明确车辆类型；原始类别未含充电站,2026-10-03T14:35:33Z,名称或类别线索，尚未人工核验
B0LUH5B8RI,430100,能效邻里共享汽车充电站(依云曦城7栋B097车位7KW闪烁充电常亮完成),430112,011100,汽车服务;充电站;充电站,名称未明确车辆类型,2026-10-03T14:35:38Z,名称或类别线索，尚未人工核验
B0LDXMGICA,430100,电动车充电站,430112,070000,生活服务;生活服务场所;生活服务场所,名称未明确车辆类型；原始类别未含充电站,2026-10-03T14:35:40Z,名称或类别线索，尚未人工核验
B0L0N5RZBD,430100,能效邻里共享汽车充电站(谢家湾小区7KW一30KW能效充电桩),430112,011100,汽车服务;充电站;充电站,名称未明确车辆类型,2026-10-03T14:35:40Z,名称或类别线索，尚未人工核验
B0K2RP8F80,430100,云快充汽车充电站(普洛斯望城经开物流园充电站)(内部专用),430112,011103,汽车服务;充电站;专用充电站,内部使用或限制开放；原始类别为专用充电站，开放范围待核验,2026-10-03T14:35:40Z,名称或类别线索，尚未人工核验
B0J247607G,430100,特斯拉超级充电站(长沙望城企业总部基地),430112,011103,汽车服务;充电站;专用充电站,原始类别为专用充电站，开放范围待核验,2026-10-03T14:35:41Z,名称或类别线索，尚未人工核验
B0MGSALXYJ,430100,中国铁塔汽车充电站(铁塔能源湖南长沙县上水堂充电站),430121,011103,汽车服务;充电站;专用充电站,原始类别为专用充电站，开放范围待核验,2026-10-03T14:35:45Z,名称或类别线索，尚未人工核验
B0L2MYXZ72,430100,电动车充电处,430121,011100,汽车服务;充电站;充电站,名称未明确车辆类型,2026-10-03T14:35:48Z,名称或类别线索，尚未人工核验
B0MDJAIK2E,430100,中国铁塔汽车充电站(铁塔能源湖南长沙县江背政府充电站),430121,011103,汽车服务;充电站;专用充电站,原始类别为专用充电站，开放范围待核验,2026-10-03T14:35:49Z,名称或类别线索，尚未人工核验
B0KDSBSCAX,430100,中国石化汽车充电站(中国石化汽车充电站红树坡站)(暂停营业),430121,011100,汽车服务;充电站;充电站,暂停营业,2026-10-03T14:35:50Z,名称或类别线索，尚未人工核验
B0JA9AJQ84,430100,长沙黄花国际机场超级充电站(暂停营业),430121,011100,汽车服务;充电站;充电站,暂停营业,2026-10-03T14:35:50Z,名称或类别线索，尚未人工核验
B0MAD5IYJD,430100,能效邻里共享汽车充电站(浏阳市顺通汽修厂能效充电桩),430181,011100,汽车服务;充电站;充电站,名称未明确车辆类型,2026-10-03T14:35:57Z,名称或类别线索，尚未人工核验
B0J0P590VN,430100,浏发集团光储充智能超级充电站(爱心驿站),430181,010000,汽车服务;汽车服务相关;汽车服务相关,原始类别未含充电站,2026-10-03T14:35:57Z,名称或类别线索，尚未人工核验
B0IG1CGYWX,430100,湖南杭长高速大围山服务区充电站(长沙方向)(装修中),430181,011100,汽车服务;充电站;充电站,装修或建设中,2026-10-03T14:35:58Z,名称或类别线索，尚未人工核验
B0M6D56GZ1,430100,云快充目的地充电站(腾博/义诚宾馆充电站),430181,011103,汽车服务;充电站;专用充电站,原始类别为专用充电站，开放范围待核验,2026-10-03T14:35:59Z,名称或类别线索，尚未人工核验
B0LGFURX8A,430100,中国石化汽车充电站(比亚迪4S店充电站)(暂停营业),430181,011100,汽车服务;充电站;充电站,暂停营业,2026-10-03T14:35:59Z,名称或类别线索，尚未人工核验
B0JKLH56AF,430100,云快充汽车充电站(春城路充电站),430182,011104,汽车服务;充电站;个人充电站,原始类别为个人充电站，开放范围待核验,2026-10-03T14:36:02Z,名称或类别线索，尚未人工核验
B0L044VUJJ,430100,中国石化宁乡横市二充电站(装修中),430182,011100,汽车服务;充电站;充电站,装修或建设中,2026-10-03T14:36:03Z,名称或类别线索，尚未人工核验
B0L2OZVSBY,430100,顺意通达重卡充电站,430182,010000,汽车服务;汽车服务相关;汽车服务相关,原始类别未含充电站,2026-10-03T14:36:06Z,名称或类别线索，尚未人工核验
B0KKNS4YXU,430100,云快充汽车充电站(湘能能佳充电宁乡大道站)(暂停营业),430182,011100,汽车服务;充电站;充电站,暂停营业,2026-10-03T14:36:06Z,名称或类别线索，尚未人工核验
B0LKF5UG64,430100,能效邻里共享汽车充电站(盛翠豪庭8栋22KW充电桩),430182,011100,汽车服务;充电站;充电站,名称未明确车辆类型,2026-10-03T14:36:07Z,名称或类别线索，尚未人工核验
B0MDNXFT0G,430100,宁乡市翡翠湖春城安置区88号共享充电桩,430182,011100,汽车服务;充电站;充电站,名称未明确车辆类型,2026-10-03T14:36:07Z,名称或类别线索，尚未人工核验
B0L395RZTH,430100,能效邻里共享汽车充电站(兆基君城能效充电桩),430182,011100,汽车服务;充电站;充电站,名称未明确车辆类型,2026-10-03T14:36:07Z,名称或类别线索，尚未人工核验
B0MR2ANKEM,430200,中国铁塔汽车充电站(湖南株洲荷塘区戴家岭充电站),430202,011103,汽车服务;充电站;专用充电站,原始类别为专用充电站，开放范围待核验,2026-10-03T14:36:09Z,名称或类别线索，尚未人工核验
B0L0Z5FH6P,430200,能效邻里共享汽车充电站(中粱建宁檀府),430202,011100,汽车服务;充电站;充电站,名称未明确车辆类型,2026-10-03T14:36:10Z,名称或类别线索，尚未人工核验
B0MAV56FC9,430200,国家电网汽车充电站(株洲市湘运中心汽车站客运专用充电站),430202,011103,汽车服务;充电站;专用充电站,原始类别为专用充电站，开放范围待核验,2026-10-03T14:36:10Z,名称或类别线索，尚未人工核验
B0MAM55Y59,430200,能效邻里共享汽车充电站(唯德口腔),430202,011100,汽车服务;充电站;充电站,名称未明确车辆类型,2026-10-03T14:36:10Z,名称或类别线索，尚未人工核验
B0L3H583PG,430200,能效邻里共享汽车充电站(建宁檀府23栋1单元002车位),430202,011100,汽车服务;充电站;充电站,名称未明确车辆类型,2026-10-03T14:36:10Z,名称或类别线索，尚未人工核验
B0MA3HZ6ZD,430200,能效邻里共享汽车充电站(东部美的城二期20栋319车位),430202,011100,汽车服务;充电站;充电站,名称未明确车辆类型,2026-10-03T14:36:10Z,名称或类别线索，尚未人工核验
B0L1M5HLD3,430200,能效邻里共享汽车充电站(恒大林溪郡7栋1单元F098),430202,011100,汽车服务;充电站;充电站,名称未明确车辆类型,2026-10-03T14:36:10Z,名称或类别线索，尚未人工核验
B0M2J1J0RH,430200,云快充汽车充电站(株洲市荷塘区消防救援大队充电站),430202,011103,汽车服务;充电站;专用充电站,原始类别为专用充电站，开放范围待核验,2026-10-03T14:36:11Z,名称或类别线索，尚未人工核验
B0L0L58KMG,430200,能效邻里共享汽车充电站(金路小区),430203,011100,汽车服务;充电站;充电站,名称未明确车辆类型,2026-10-03T14:36:13Z,名称或类别线索，尚未人工核验
B0L0U5WEC7,430200,能效邻里共享汽车充电站(悦湘春天2401),430204,011100,汽车服务;充电站;充电站,名称未明确车辆类型,2026-10-03T14:36:16Z,名称或类别线索，尚未人工核验
B0LKRR733W,430200,能效邻里共享汽车充电站(香江悦府9栋),430204,011100,汽车服务;充电站;充电站,名称未明确车辆类型,2026-10-03T14:36:16Z,名称或类别线索，尚未人工核验
B0L6YOO3UL,430200,云快充汽车充电站(晋通机械充电站),430204,011103,汽车服务;充电站;专用充电站,原始类别为专用充电站，开放范围待核验,2026-10-03T14:36:17Z,名称或类别线索，尚未人工核验
B0JDB5BC2D,430200,国家电网汽车充电站(创业大厦)(暂停营业),430204,011100,汽车服务;充电站;充电站,暂停营业,2026-10-03T14:36:17Z,名称或类别线索，尚未人工核验
B0M1GA6J89,430200,中国铁塔汽车充电站(湖南株洲天元区黄河南路汽车充电站),430211,011103,汽车服务;充电站;专用充电站,原始类别为专用充电站，开放范围待核验,2026-10-03T14:36:18Z,名称或类别线索，尚未人工核验
B0KKDGU30F,430200,特斯拉超级充电站(株洲汽博园特斯拉中心),430211,011103,汽车服务;充电站;专用充电站,原始类别为专用充电站，开放范围待核验,2026-10-03T14:36:19Z,名称或类别线索，尚未人工核验
B0MU7A5DZ0,430200,中国铁塔汽车充电站(湖南株洲天元区滨江路移动充电站)(不对外开放),430211,011103,汽车服务;充电站;专用充电站,内部使用或限制开放；原始类别为专用充电站，开放范围待核验,2026-10-03T14:36:19Z,名称或类别线索，尚未人工核验
B0M1ANFO0Q,430200,中国石化汽车充电站(株洲市公安局充电站)(内部专用),430211,011103,汽车服务;充电站;专用充电站,内部使用或限制开放；原始类别为专用充电站，开放范围待核验,2026-10-03T14:36:20Z,名称或类别线索，尚未人工核验
B0M67DXWXU,430200,闪开·来电电动车充电区,430211,011100,汽车服务;充电站;充电站,名称未明确车辆类型,2026-10-03T14:36:20Z,名称或类别线索，尚未人工核验
B0JU6H06FC,430200,极氪能源汽车充电站(株洲未来云MALL极充站)(暂停营业),430211,011100,汽车服务;充电站;充电站,暂停营业,2026-10-03T14:36:21Z,名称或类别线索，尚未人工核验
B0JB6GEMUE,430200,小桔充电汽车充电站(株洲市天元区国家电投加氢加油)(暂停营业),430211,011100,汽车服务;充电站;充电站,暂停营业,2026-10-03T14:36:21Z,名称或类别线索，尚未人工核验
B0LU1SFJ2W,430200,云快充汽车充电站(充点电新能源天源纺织充电站)(暂停营业),430211,011100,汽车服务;充电站;充电站,暂停营业,2026-10-03T14:36:21Z,名称或类别线索，尚未人工核验
B0LRA504F6,430200,能效邻里共享汽车充电站(白鹤园能效充电桩),430211,011100,汽车服务;充电站;充电站,名称未明确车辆类型,2026-10-03T14:36:21Z,名称或类别线索，尚未人工核验
B0L0K5PA8V,430200,能效邻里共享汽车充电站(提香蓝岸12栋),430211,011100,汽车服务;充电站;充电站,名称未明确车辆类型,2026-10-03T14:36:22Z,名称或类别线索，尚未人工核验
B0LKY548Q3,430200,能效邻里共享汽车充电站(中海学府里9栋B359),430211,011100,汽车服务;充电站;充电站,名称未明确车辆类型,2026-10-03T14:36:22Z,名称或类别线索，尚未人工核验
B0L2Y5UN1G,430200,能效邻里共享汽车充电站(绿地三号地块B区A215车位),430211,011100,汽车服务;充电站;充电站,名称未明确车辆类型,2026-10-03T14:36:22Z,名称或类别线索，尚未人工核验
B0L3C5J1K7,430200,能效邻里共享汽车充电站(东鼎紫园5栋105车位),430211,011100,汽车服务;充电站;充电站,名称未明确车辆类型,2026-10-03T14:36:23Z,名称或类别线索，尚未人工核验
B0LKRR6KWQ,430200,能效邻里共享汽车充电站(中建江湾壹号八栋A231车位),430211,011100,汽车服务;充电站;充电站,名称未明确车辆类型,2026-10-03T14:36:23Z,名称或类别线索，尚未人工核验
B0LDO5PBHY,430200,能效邻里共享汽车充电站(津桥华府16栋地下车库K10K车位),430211,011100,汽车服务;充电站;充电站,名称未明确车辆类型,2026-10-03T14:36:23Z,名称或类别线索，尚未人工核验
B0K6JKT4QF,430200,蔚来能源目的地充电站(内部使用株洲瑞德尔工业园),430211,011100,汽车服务;充电站;充电站,内部使用或限制开放,2026-10-03T14:36:23Z,名称或类别线索，尚未人工核验
B0L1Y5F05X,430200,能效邻里共享汽车充电站(武广国际学苑2栋K44),430211,011100,汽车服务;充电站;充电站,名称未明确车辆类型,2026-10-03T14:36:23Z,名称或类别线索，尚未人工核验
B0L3F55W0Y,430200,能效邻里共享汽车充电站(西郡佳园5栋),430211,011100,汽车服务;充电站;充电站,名称未明确车辆类型,2026-10-03T14:36:23Z,名称或类别线索，尚未人工核验
B0LKF5TNSD,430200,能效邻里共享汽车充电站(湖景名城12栋),430211,011100,汽车服务;充电站;充电站,名称未明确车辆类型,2026-10-03T14:36:23Z,名称或类别线索，尚未人工核验
B0LRY5WSWR,430200,能效邻里共享汽车充电站(江湾壹号3栋),430211,011100,汽车服务;充电站;充电站,名称未明确车辆类型,2026-10-03T14:36:23Z,名称或类别线索，尚未人工核验
B0LRU5DJFW,430200,能效邻里共享汽车充电站(春藤小镇三期20栋),430211,011100,汽车服务;充电站;充电站,名称未明确车辆类型,2026-10-03T14:36:24Z,名称或类别线索，尚未人工核验
B0LRY5WFEL,430200,能效邻里共享汽车充电站(玖玺台6栋P392),430211,011100,汽车服务;充电站;充电站,名称未明确车辆类型,2026-10-03T14:36:24Z,名称或类别线索，尚未人工核验
B0LUT5180K,430200,能效邻里共享汽车充电站(群丰湘滨村治安组黄令),430211,011100,汽车服务;充电站;充电站,名称未明确车辆类型,2026-10-03T14:36:24Z,名称或类别线索，尚未人工核验
B0L365A8T6,430200,能效邻里共享汽车充电站(中海学府里10栋B217),430211,011100,汽车服务;充电站;充电站,名称未明确车辆类型,2026-10-03T14:36:24Z,名称或类别线索，尚未人工核验
B0FFLHDJZ7,430200,中普芦淞大桥充电站,430211,150000,交通设施服务;交通服务相关;交通服务相关,原始类别未含充电站,2026-10-03T14:36:24Z,名称或类别线索，尚未人工核验
B0L0O5ILDW,430200,能效邻里共享汽车充电站(长房湘江府D1栋B042),430211,011100,汽车服务;充电站;充电站,名称未明确车辆类型,2026-10-03T14:36:24Z,名称或类别线索，尚未人工核验
B0MAGYYIW1,430200,能效邻里共享汽车充电站(株洲市天元区雷打石八方组36号),430211,011100,汽车服务;充电站;充电站,名称未明确车辆类型,2026-10-03T14:36:24Z,名称或类别线索，尚未人工核验
B0M6N5EJU3,430200,能效邻里共享汽车充电站(恒大悦龙台12栋1941车位),430211,011100,汽车服务;充电站;充电站,名称未明确车辆类型,2026-10-03T14:36:24Z,名称或类别线索，尚未人工核验
B0L335AEKF,430200,能效邻里共享汽车充电站(津桥华府1栋A00A车位),430211,011100,汽车服务;充电站;充电站,名称未明确车辆类型,2026-10-03T14:36:24Z,名称或类别线索，尚未人工核验
B0MAGYYQ3D,430200,能效邻里共享汽车充电站(亿都时光苑),430211,011100,汽车服务;充电站;充电站,名称未明确车辆类型,2026-10-03T14:36:25Z,名称或类别线索，尚未人工核验
B0IADDWUYM,430200,星星充电汽车充电站(山河锦园充电桩群)(暂停营业),430211,011100,汽车服务;充电站;充电站,暂停营业,2026-10-03T14:36:25Z,名称或类别线索，尚未人工核验
B0L065NNYX,430200,能效邻里共享汽车充电站(湘银星城一期2栋),430211,011100,汽车服务;充电站;充电站,名称未明确车辆类型,2026-10-03T14:36:25Z,名称或类别线索，尚未人工核验
B0LKY540Z4,430200,能效邻里共享汽车充电站(御山和苑16栋),430211,011100,汽车服务;充电站;充电站,名称未明确车辆类型,2026-10-03T14:36:25Z,名称或类别线索，尚未人工核验
B0I2R5V5S1,430200,国家电网汽车充电站(株洲职教城增桩充电站),430211,011103,汽车服务;充电站;专用充电站,原始类别为专用充电站，开放范围待核验,2026-10-03T14:36:25Z,名称或类别线索，尚未人工核验
B0MAGYYB22,430200,能效邻里共享汽车充电站(恒泰中科),430212,011100,汽车服务;充电站;充电站,名称未明确车辆类型,2026-10-03T14:36:27Z,名称或类别线索，尚未人工核验
B0LRF5716L,430200,能效邻里共享汽车充电站(老年乐中心),430212,011100,汽车服务;充电站;充电站,名称未明确车辆类型,2026-10-03T14:36:27Z,名称或类别线索，尚未人工核验
B0L0R554EF,430200,能效邻里共享汽车充电站(渌口区福生村桂花园组05号),430212,011100,汽车服务;充电站;充电站,名称未明确车辆类型,2026-10-03T14:36:28Z,名称或类别线索，尚未人工核验
B0LRR9L38Z,430200,小桔充电汽车充电站(湖南省佳东能源充电站)(暂停营业),430223,011100,汽车服务;充电站;充电站,暂停营业,2026-10-03T14:36:31Z,名称或类别线索，尚未人工核验
B0LA2Y5090,430200,国家电网汽车充电站(株洲茶陵县界首供电所交流充电站),430224,070000,生活服务;生活服务场所;生活服务场所,原始类别未含充电站,2026-10-03T14:36:33Z,名称或类别线索，尚未人工核验
B0MBTAANQX,430200,林之心共享充电桩,430225,011100,汽车服务;充电站;充电站,名称未明确车辆类型,2026-10-03T14:36:37Z,名称或类别线索，尚未人工核验
B0K6KCSX84,430200,汽车充电站(中化石油站),430281,010000,汽车服务;汽车服务相关;汽车服务相关,原始类别未含充电站,2026-10-03T14:36:41Z,名称或类别线索，尚未人工核验
B0JKOBISM7,430200,汽车充电站(中国石化金沙充电站)(装修中),430281,011100,汽车服务;充电站;充电站,装修或建设中,2026-10-03T14:36:41Z,名称或类别线索，尚未人工核验
B0KULHGYBZ,430200,云快充目的地充电站(醴陵市王仙镇政府个人共享充电桩),430281,011100,汽车服务;充电站;充电站,名称未明确车辆类型,2026-10-03T14:36:42Z,名称或类别线索，尚未人工核验
B0L6YOKO1P,430200,云快充汽车充电站(通华加油站充电站),430281,011104,汽车服务;充电站;个人充电站,原始类别为个人充电站，开放范围待核验,2026-10-03T14:36:43Z,名称或类别线索，尚未人工核验
B0LUNXBT2J,430200,云快充目的地充电站(醴陵市大坡里个人慢充共享充电桩),430281,011100,汽车服务;充电站;充电站,名称未明确车辆类型,2026-10-03T14:36:43Z,名称或类别线索，尚未人工核验
B0M6L55VXM,430200,能效邻里共享汽车充电站(浦口商贸城),430281,011100,汽车服务;充电站;充电站,名称未明确车辆类型,2026-10-03T14:36:44Z,名称或类别线索，尚未人工核验
B0LUK5UB44,430200,能效邻里共享汽车充电站(台北城),430281,011100,汽车服务;充电站;充电站,名称未明确车辆类型,2026-10-03T14:36:44Z,名称或类别线索，尚未人工核验
B0MAC7WV61,430200,云快充目的地充电站(二医院宿舍个人共享充电桩),430281,011100,汽车服务;充电站;充电站,名称未明确车辆类型,2026-10-03T14:36:44Z,名称或类别线索，尚未人工核验
B0L6YOO4AX,430200,云快充目的地充电站(醴陵市瓷都世纪花园小区业主共享充电桩),430281,011100,汽车服务;充电站;充电站,名称未明确车辆类型,2026-10-03T14:36:45Z,名称或类别线索，尚未人工核验
B0LRGSTFVU,430200,云快充目的地充电站(沈潭镇个人慢充共享充电桩),430281,011100,汽车服务;充电站;充电站,名称未明确车辆类型,2026-10-03T14:36:45Z,名称或类别线索，尚未人工核验
B0MAO5IV8E,430200,能效邻里共享汽车充电站(沩娓到来),430281,011100,汽车服务;充电站;充电站,名称未明确车辆类型,2026-10-03T14:36:45Z,名称或类别线索，尚未人工核验
B0LAP5BCO8,430300,能效邻里共享汽车充电站(骏景豪廷H062车位),430302,011100,汽车服务;充电站;充电站,名称未明确车辆类型,2026-10-03T14:36:49Z,名称或类别线索，尚未人工核验
B0K12B6Y9U,430300,能效邻里共享汽车充电站(百合御都停车场),430302,011100,汽车服务;充电站;充电站,名称未明确车辆类型,2026-10-03T14:36:49Z,名称或类别线索，尚未人工核验
B0LUR5UC9Y,430300,莲城充电汽车充电站(四中停车场站),430302,060000,购物服务;购物相关场所;购物相关场所,原始类别未含充电站,2026-10-03T14:36:50Z,名称或类别线索，尚未人工核验
B0LU95DJJR,430300,莲城充电汽车充电站(红月亮停车场站),430302,070000,生活服务;生活服务场所;生活服务场所,原始类别未含充电站,2026-10-03T14:36:50Z,名称或类别线索，尚未人工核验
B0KAOBT0VY,430300,中国石化汽车充电站(中国石化和平东加油站)(暂停营业),430302,011100,汽车服务;充电站;充电站,暂停营业,2026-10-03T14:36:50Z,名称或类别线索，尚未人工核验
B0LURC47OY,430300,莲城充电汽车充电站(城发集团站),430302,070000,生活服务;生活服务场所;生活服务场所,原始类别未含充电站,2026-10-03T14:36:51Z,名称或类别线索，尚未人工核验
B0HBNZX5X2,430300,国网湘潭汽车西站电动汽车充电站,430302,010000,汽车服务;汽车服务相关;汽车服务相关,原始类别未含充电站,2026-10-03T14:36:51Z,名称或类别线索，尚未人工核验
B0LURUYLIT,430300,莲城充电汽车充电站(四中菜市场站),430302,070000,生活服务;生活服务场所;生活服务场所,原始类别未含充电站,2026-10-03T14:36:51Z,名称或类别线索，尚未人工核验
B0LURM43HB,430300,莲城充电汽车充电站(雨湖区政府站),430302,090000,医疗保健服务;医疗保健服务场所;医疗保健服务场所,原始类别未含充电站,2026-10-03T14:36:51Z,名称或类别线索，尚未人工核验
B0MG6UHX18,430300,云快充目的地充电站(湘潭市健车行汽车服务有限公司)(暂停营业),430302,011100,汽车服务;充电站;充电站,暂停营业,2026-10-03T14:36:53Z,名称或类别线索，尚未人工核验
B0L6P5DAIQ,430300,汽车充电站(构合充电桩)(暂停营业),430302,011100,汽车服务;充电站;充电站,暂停营业,2026-10-03T14:36:53Z,名称或类别线索，尚未人工核验
B0L0Z5FA1D,430300,能效邻里共享汽车充电站(上层国际能效充电桩),430304,011100,汽车服务;充电站;充电站,名称未明确车辆类型,2026-10-03T14:36:55Z,名称或类别线索，尚未人工核验
B0MU7A57XH,430300,中国铁塔汽车充电站(湖南湘潭岳塘区农业执法支队充电站),430304,011104,汽车服务;充电站;个人充电站,原始类别为个人充电站，开放范围待核验,2026-10-03T14:36:56Z,名称或类别线索，尚未人工核验
B0LU1CDD7G,430300,莲城充电汽车充电站(昭山城铁站),430304,070000,生活服务;生活服务场所;生活服务场所,原始类别未含充电站,2026-10-03T14:36:56Z,名称或类别线索，尚未人工核验
B0J09ZVY9R,430300,莲城充电汽车充电站(湘潭交发桥头公园充电站),430304,150904,交通设施服务;停车场;公共停车场,原始类别未含充电站,2026-10-03T14:36:56Z,名称或类别线索，尚未人工核验
B0LULU7RB7,430300,莲城充电汽车充电站(家家美充电站),430304,070000,生活服务;生活服务场所;生活服务场所,原始类别未含充电站,2026-10-03T14:36:56Z,名称或类别线索，尚未人工核验
B0LULU6UVW,430300,莲城充电汽车充电站(湘潭之光西停车场站),430304,070000,生活服务;生活服务场所;生活服务场所,原始类别未含充电站,2026-10-03T14:36:56Z,名称或类别线索，尚未人工核验
B0HDKUEN2B,430300,莲城充电汽车充电站(湘潭交发体育中心充电站),430304,070000,生活服务;生活服务场所;生活服务场所,原始类别未含充电站,2026-10-03T14:36:57Z,名称或类别线索，尚未人工核验
B0G3LZGZS6,430300,湘潭交发新能源三馆充电站,430304,010000,汽车服务;汽车服务相关;汽车服务相关,原始类别未含充电站,2026-10-03T14:36:57Z,名称或类别线索，尚未人工核验
B0FFK24MJE,430300,湘潭美高梅国际大酒店充电站,430304,100000,住宿服务;住宿服务相关;住宿服务相关,原始类别未含充电站,2026-10-03T14:36:57Z,名称或类别线索，尚未人工核验
B0LUL581WG,430300,莲城充电汽车充电站(三桥西充电站),430304,070000,生活服务;生活服务场所;生活服务场所,原始类别未含充电站,2026-10-03T14:36:57Z,名称或类别线索，尚未人工核验
B0LULH6U4C,430300,莲城充电汽车充电站(湘潭交发产业集团充电站),430304,070000,生活服务;生活服务场所;生活服务场所,原始类别未含充电站,2026-10-03T14:36:57Z,名称或类别线索，尚未人工核验
B0LULCA3B3,430300,莲城充电汽车充电站(金芙蓉站),430304,090000,医疗保健服务;医疗保健服务场所;医疗保健服务场所,原始类别未含充电站,2026-10-03T14:36:57Z,名称或类别线索，尚未人工核验
B0LAVU7K7M,430300,蔚来能源目的地充电站(内部使用湘潭医卫职业技术学院),430304,011100,汽车服务;充电站;充电站,内部使用或限制开放,2026-10-03T14:36:58Z,名称或类别线索，尚未人工核验
B0KG7S9721,430300,汽车充电站(湘潭花石镇邦众共享充电桩),430321,011100,汽车服务;充电站;充电站,名称未明确车辆类型,2026-10-03T14:37:01Z,名称或类别线索，尚未人工核验
B0LDZ5T690,430300,能效邻里共享汽车充电站(润玉时代城),430321,011100,汽车服务;充电站;充电站,名称未明确车辆类型,2026-10-03T14:37:01Z,名称或类别线索，尚未人工核验
B0L2S76B17,430300,联宇充电站(柏屹工业园站),430321,010000,汽车服务;汽车服务相关;汽车服务相关,原始类别未含充电站,2026-10-03T14:37:02Z,名称或类别线索，尚未人工核验
B0LUJZ95RK,430300,蔚景云飓风排头充电站,430321,070000,生活服务;生活服务场所;生活服务场所,原始类别未含充电站,2026-10-03T14:37:03Z,名称或类别线索，尚未人工核验
B0LAOPJ3EK,430300,快电充电站(湘潭邦众花石镇共享充电桩2站),430321,011100,汽车服务;充电站;充电站,名称未明确车辆类型,2026-10-03T14:37:04Z,名称或类别线索，尚未人工核验
B0L6N5MDXZ,430300,汽车充电站(速停车·大圣充电站金霞美墅蓝庭地库停车场)(暂停营业),430321,011100,汽车服务;充电站;充电站,暂停营业,2026-10-03T14:37:04Z,名称或类别线索，尚未人工核验
B0M1FAA1LJ,430300,中国铁塔汽车充电站(湖南省湘潭市湘乡市潭市镇充电站),430381,011103,汽车服务;充电站;专用充电站,原始类别为专用充电站，开放范围待核验,2026-10-03T14:37:05Z,名称或类别线索，尚未人工核验
B0M1FAA5IB,430300,中国铁塔汽车充电站(湖南省湘潭市湘乡市月山镇充电站),430381,011103,汽车服务;充电站;专用充电站,原始类别为专用充电站，开放范围待核验,2026-10-03T14:37:06Z,名称或类别线索，尚未人工核验
B0L07NZSHY,430300,中国铁塔超级充电站(湖南湘潭湘乡韶峰水泥厂物流充电站),430381,011103,汽车服务;充电站;专用充电站,原始类别为专用充电站，开放范围待核验,2026-10-03T14:37:06Z,名称或类别线索，尚未人工核验
B0LRV5KEZI,430300,能效邻里共享汽车充电站(谭伏林充慢充电站谭伏林慢充站),430381,011100,汽车服务;充电站;充电站,名称未明确车辆类型,2026-10-03T14:37:06Z,名称或类别线索，尚未人工核验
B0LRJ5HGDX,430300,能效邻里共享汽车充电站(能效充电站),430381,011100,汽车服务;充电站;充电站,名称未明确车辆类型,2026-10-03T14:37:06Z,名称或类别线索，尚未人工核验
B0KKC5K083,430300,能效邻里共享汽车充电站(湖南江山沁园),430381,011100,汽车服务;充电站;充电站,名称未明确车辆类型,2026-10-03T14:37:06Z,名称或类别线索，尚未人工核验
B0L32A39JQ,430300,特来电汽车充电站(湖南省泥溪停车场管理有限公司水府庙旅游区电动车充电站),430381,011100,汽车服务;充电站;充电站,名称未明确车辆类型,2026-10-03T14:37:06Z,名称或类别线索，尚未人工核验
B0MUSYAAVN,430300,特来电汽车充电站(湖南省泥溪停车场管理有限公司湘乡市黄金大道永嘉充电站)(不对外开放),430381,011103,汽车服务;充电站;专用充电站,内部使用或限制开放；原始类别为专用充电站，开放范围待核验,2026-10-03T14:37:06Z,名称或类别线索，尚未人工核验
B0MUMBU890,430300,中国石化汽车充电站(石忠充电站),430382,010000,汽车服务;汽车服务相关;汽车服务相关,原始类别未含充电站,2026-10-03T14:37:10Z,名称或类别线索，尚未人工核验
B0LR7AGPLE,430300,中国铁塔汽车充电站(湖南湘潭韶旅集团换乘大巴充电站),430382,011103,汽车服务;充电站;专用充电站,原始类别为专用充电站，开放范围待核验,2026-10-03T14:37:10Z,名称或类别线索，尚未人工核验
B0MAGYYQ2K,430300,能效邻里共享汽车充电站(民宿充电),430382,011100,汽车服务;充电站;充电站,名称未明确车辆类型,2026-10-03T14:37:11Z,名称或类别线索，尚未人工核验
B0M6D57BEQ,430300,涛声依旧民宿充电站,430382,070000,生活服务;生活服务场所;生活服务场所,原始类别未含充电站,2026-10-03T14:37:11Z,名称或类别线索，尚未人工核验
B0LULD9FIX,430300,云达充电站(韶山人家饭店),430382,070000,生活服务;生活服务场所;生活服务场所,原始类别未含充电站,2026-10-03T14:37:11Z,名称或类别线索，尚未人工核验
B0L3H57V3Q,430400,能效邻里共享汽车充电站(衡阳珠晖区客货邮充电站),430405,011100,汽车服务;充电站;充电站,名称未明确车辆类型,2026-10-03T14:37:15Z,名称或类别线索，尚未人工核验
B0MAGYYB5H,430400,能效邻里共享汽车充电站(王小芃的充电桩),430405,011100,汽车服务;充电站;充电站,名称未明确车辆类型,2026-10-03T14:37:15Z,名称或类别线索，尚未人工核验
B0MBFD51Y0,430400,电动车充电站,430405,070000,生活服务;生活服务场所;生活服务场所,名称未明确车辆类型；原始类别未含充电站,2026-10-03T14:37:15Z,名称或类别线索，尚未人工核验
B0H0KHMIT8,430400,立牌共享汽车充电桩(七一二小区宁磬苑13栋共享充电桩),430405,011100,汽车服务;充电站;充电站,名称未明确车辆类型,2026-10-03T14:37:16Z,名称或类别线索，尚未人工核验
B0KKHPZ8HI,430400,华自充电汽车充电站(衡阳金杯电缆厂充电站内部专用),430406,011100,汽车服务;充电站;充电站,内部使用或限制开放,2026-10-03T14:37:17Z,名称或类别线索，尚未人工核验
B0L1F7ZLPH,430400,中科智充衡阳古汉中药光储充电站(内部专用),430406,011103,汽车服务;充电站;专用充电站,内部使用或限制开放；原始类别为专用充电站，开放范围待核验,2026-10-03T14:37:17Z,名称或类别线索，尚未人工核验
B0L1O5OB4W,430400,能效邻里共享汽车充电站(新桂城能效充电桩),430406,011100,汽车服务;充电站;充电站,名称未明确车辆类型,2026-10-03T14:37:18Z,名称或类别线索，尚未人工核验
B0IAOZ0W8M,430400,特变电工产业园汽车充电站,430406,010000,汽车服务;汽车服务相关;汽车服务相关,原始类别未含充电站,2026-10-03T14:37:18Z,名称或类别线索，尚未人工核验
B0LDOC1JWE,430400,电动车充电站,430406,070000,生活服务;生活服务场所;生活服务场所,名称未明确车辆类型；原始类别未含充电站,2026-10-03T14:37:18Z,名称或类别线索，尚未人工核验
B0L1C55T3C,430400,能效邻里共享汽车充电站(十里江湾观澜17栋),430407,011100,汽车服务;充电站;充电站,名称未明确车辆类型,2026-10-03T14:37:21Z,名称或类别线索，尚未人工核验
B0MAGYY5PI,430400,能效邻里共享汽车充电站(眠适公寓酒店新能源充电桩),430407,011100,汽车服务;充电站;充电站,名称未明确车辆类型,2026-10-03T14:37:21Z,名称或类别线索，尚未人工核验
B0LG65I33N,430400,能效邻里共享汽车充电站(湘硕化工充电站),430407,011100,汽车服务;充电站;充电站,名称未明确车辆类型,2026-10-03T14:37:21Z,名称或类别线索，尚未人工核验
B0LK2PPFEP,430400,昆仑网电汽车充电站(中石油衡阳贾斯汀充电站)(内部专用),430408,011103,汽车服务;充电站;专用充电站,内部使用或限制开放；原始类别为专用充电站，开放范围待核验,2026-10-03T14:37:24Z,名称或类别线索，尚未人工核验
B0KD6GHD40,430400,特斯拉超级充电站(衡阳红星美凯龙),430408,011103,汽车服务;充电站;专用充电站,原始类别为专用充电站，开放范围待核验,2026-10-03T14:37:24Z,名称或类别线索，尚未人工核验
B0L1UG2VR8,430400,特斯拉超级充电站(衡阳万达广场),430408,011103,汽车服务;充电站;专用充电站,原始类别为专用充电站，开放范围待核验,2026-10-03T14:37:24Z,名称或类别线索，尚未人工核验
B0LU25OXNY,430400,能效邻里共享汽车充电站(能效充电桩衡阳运营中心),430408,011100,汽车服务;充电站;充电站,名称未明确车辆类型,2026-10-03T14:37:26Z,名称或类别线索，尚未人工核验
B0MDF59E8A,430400,能效邻里共享汽车充电站(星源驾校站),430408,011100,汽车服务;充电站;充电站,名称未明确车辆类型,2026-10-03T14:37:26Z,名称或类别线索，尚未人工核验
B0I2HGXLB1,430400,小桔充电衡府汽车充电站,430408,010000,汽车服务;汽车服务相关;汽车服务相关,原始类别未含充电站,2026-10-03T14:37:28Z,名称或类别线索，尚未人工核验
B0K3Z5EVGY,430400,能效邻里共享汽车充电站(创新主题酒店能效充电站),430408,011100,汽车服务;充电站;充电站,名称未明确车辆类型,2026-10-03T14:37:28Z,名称或类别线索，尚未人工核验
B0L1YAE1QM,430400,深蓝共享充电桩(银泰红城6期地下车库),430408,011100,汽车服务;充电站;充电站,名称未明确车辆类型,2026-10-03T14:37:29Z,名称或类别线索，尚未人工核验
B0MDJRKSMZ,430400,能效邻里共享汽车充电站(觅喜茶苑民宿能效充电桩),430412,011100,汽车服务;充电站;充电站,名称未明确车辆类型,2026-10-03T14:37:30Z,名称或类别线索，尚未人工核验
B0LAB50R0X,430400,能效邻里共享汽车充电站(瑞柠酒店),430412,011100,汽车服务;充电站;充电站,名称未明确车辆类型,2026-10-03T14:37:30Z,名称或类别线索，尚未人工核验
B0L2C5H4M0,430400,能效邻里共享汽车充电站(弥菲雅舍能效充电桩),430412,011100,汽车服务;充电站;充电站,名称未明确车辆类型,2026-10-03T14:37:30Z,名称或类别线索，尚未人工核验
B0K66SR34C,430400,蔚来充电站(衡阳衡山财神庙财神酒店店),430412,010000,汽车服务;汽车服务相关;汽车服务相关,原始类别未含充电站,2026-10-03T14:37:30Z,名称或类别线索，尚未人工核验
B0LBC5BSBF,430400,能效邻里共享汽车充电站(杉树坪董明华充电桩),430421,011100,汽车服务;充电站;充电站,名称未明确车辆类型,2026-10-03T14:37:35Z,名称或类别线索，尚未人工核验
B0FFMFS5SC,430400,花叶塘充电站,430421,010000,汽车服务;汽车服务相关;汽车服务相关,原始类别未含充电站,2026-10-03T14:37:36Z,名称或类别线索，尚未人工核验
B0M6G5OSZI,430400,能效邻里共享汽车充电站(雯酱硫市人民政府),430422,011100,汽车服务;充电站;充电站,名称未明确车辆类型,2026-10-03T14:37:37Z,名称或类别线索，尚未人工核验
B0I05O5MKJ,430400,国家电网汽车充电站(湖南泉南高速洪市服务区充电站南宁方向)(暂停营业),430422,011100,汽车服务;充电站;充电站,暂停营业,2026-10-03T14:37:39Z,名称或类别线索，尚未人工核验
B0MUJ5RM0M,430400,能效邻里共享汽车充电站(即冲即走快充),430423,011100,汽车服务;充电站;充电站,名称未明确车辆类型,2026-10-03T14:37:40Z,名称或类别线索，尚未人工核验
B0HKN5PMNC,430400,国家电网汽车充电站(衡阳衡山县祝融供电所充电站)(暂停营业),430423,011100,汽车服务;充电站;充电站,暂停营业,2026-10-03T14:37:42Z,名称或类别线索，尚未人工核验
B0G3A5FRT5,430400,特来电汽车充电站(衡山县衡山大道建业二期充电站)(暂停营业),430423,011100,汽车服务;充电站;充电站,暂停营业,2026-10-03T14:37:42Z,名称或类别线索，尚未人工核验
B0LDC5TURM,430400,能效邻里共享汽车充电站(邓细清充电桩),430424,011100,汽车服务;充电站;充电站,名称未明确车辆类型,2026-10-03T14:37:44Z,名称或类别线索，尚未人工核验
B0KRLM6ODG,430400,汽车充电站(文拓充电桩),430424,011104,汽车服务;充电站;个人充电站,原始类别为个人充电站，开放范围待核验,2026-10-03T14:37:44Z,名称或类别线索，尚未人工核验
B0KKCZMZAY,430400,汽车充电站(翔顺新能源超充站)(暂停营业),430426,011100,汽车服务;充电站;充电站,暂停营业,2026-10-03T14:37:47Z,名称或类别线索，尚未人工核验
B0MA47VZ5Y,430400,能效邻里共享汽车充电站(耒阳市湘南花园C区16栋),430481,011100,汽车服务;充电站;充电站,名称未明确车辆类型,2026-10-03T14:37:49Z,名称或类别线索，尚未人工核验
B0LUUDK1NH,430400,耒阳市理达充电站,430481,090000,医疗保健服务;医疗保健服务场所;医疗保健服务场所,原始类别未含充电站,2026-10-03T14:37:50Z,名称或类别线索，尚未人工核验
B0LBFRS1BO,430400,汽车充电站(新大塘村共享充电桩),430481,011100,汽车服务;充电站;充电站,名称未明确车辆类型,2026-10-03T14:37:50Z,名称或类别线索，尚未人工核验
B0L0A5C9L4,430400,云快充汽车充电站(耒阳湘运公交公司充电站)(暂停营业),430481,011103,汽车服务;充电站;专用充电站,暂停营业；原始类别为专用充电站，开放范围待核验,2026-10-03T14:37:50Z,名称或类别线索，尚未人工核验
B0LRB5NN7C,430400,理达重卡充电站(暂停营业),430481,011100,汽车服务;充电站;充电站,暂停营业,2026-10-03T14:37:50Z,名称或类别线索，尚未人工核验
B0LDR5FFSK,430400,能效邻里共享汽车充电站(夏联东区31号充电桩),430482,011100,汽车服务;充电站;充电站,名称未明确车辆类型,2026-10-03T14:37:52Z,名称或类别线索，尚未人工核验
B0LKRR733M,430400,能效邻里共享汽车充电站(大禾坪村切塘组能效充电桩),430482,011100,汽车服务;充电站;充电站,名称未明确车辆类型,2026-10-03T14:37:52Z,名称或类别线索，尚未人工核验
B0K0RDOHQX,430400,汽车充电站(正升充电站)(内部专用),430482,011103,汽车服务;充电站;专用充电站,内部使用或限制开放；原始类别为专用充电站，开放范围待核验,2026-10-03T14:37:52Z,名称或类别线索，尚未人工核验
B0KBPK0166,430400,云快充汽车充电站(万象阳光城德晟充电站)(暂停营业),430482,011100,汽车服务;充电站;充电站,暂停营业,2026-10-03T14:37:53Z,名称或类别线索，尚未人工核验
B0LRRDKMBH,430400,滴滴充电汽车充电站(常宁市财政局)(暂停营业),430482,011100,汽车服务;充电站;充电站,暂停营业,2026-10-03T14:37:53Z,名称或类别线索，尚未人工核验
B0IK0HLMAW,430400,及时电汽车充电站(富贵店)(暂停营业),430482,011100,汽车服务;充电站;充电站,暂停营业,2026-10-03T14:37:53Z,名称或类别线索，尚未人工核验
B0JRPKGDV4,430500,云快充超级充电站(邵阳保养场充电站),430502,011103,汽车服务;充电站;专用充电站,原始类别为专用充电站，开放范围待核验,2026-10-03T14:37:57Z,名称或类别线索，尚未人工核验
B0L6YOPATF,430500,云快充超级充电站(邵阳金锣湾充电站),430502,011103,汽车服务;充电站;专用充电站,原始类别为专用充电站，开放范围待核验,2026-10-03T14:37:57Z,名称或类别线索，尚未人工核验
B0L6YOO3V8,430500,云快充超级充电站(邵阳三眼井充电站),430502,011103,汽车服务;充电站;专用充电站,原始类别为专用充电站，开放范围待核验,2026-10-03T14:37:57Z,名称或类别线索，尚未人工核验
B0H0Y5I9YC,430500,星星充电汽车充电站(邵阳安尔汽贸2)(暂停营业),430502,011100,汽车服务;充电站;充电站,暂停营业,2026-10-03T14:37:58Z,名称或类别线索，尚未人工核验
B0MACCVZQZ,430500,云快充目的地充电站(邵阳市宝迪汽车销售服务有限公司)(暂停营业),430502,011100,汽车服务;充电站;充电站,暂停营业,2026-10-03T14:37:58Z,名称或类别线索，尚未人工核验
B0L3CKIBZX,430500,星星充电汽车充电站(柒都新能源充电站)(内部专用),430503,011103,汽车服务;充电站;专用充电站,内部使用或限制开放；原始类别为专用充电站，开放范围待核验,2026-10-03T14:37:59Z,名称或类别线索，尚未人工核验
B0K0YPINGU,430500,国家电网汽车充电站(邵阳市大祥区税务局民族路办公区充电站)(内部专用),430503,011103,汽车服务;充电站;专用充电站,内部使用或限制开放；原始类别为专用充电站，开放范围待核验,2026-10-03T14:38:01Z,名称或类别线索，尚未人工核验
B0MRAPXSSP,430500,国家电网汽车充电站(国网邵阳市大祥区邵阳供电公司交流专用充电站)(内部专用),430503,011103,汽车服务;充电站;专用充电站,内部使用或限制开放；原始类别为专用充电站，开放范围待核验,2026-10-03T14:38:01Z,名称或类别线索，尚未人工核验
B0MGU5CRNC,430500,能效邻里共享汽车充电站(佳苑公寓充电桩),430503,011100,汽车服务;充电站;充电站,名称未明确车辆类型,2026-10-03T14:38:01Z,名称或类别线索，尚未人工核验
B0JBULFWOP,430500,云快充汽车充电站(洄鑫集团充电站)(暂停营业),430503,011100,汽车服务;充电站;充电站,暂停营业,2026-10-03T14:38:01Z,名称或类别线索，尚未人工核验
B0M6BZHDA8,430500,云快充汽车充电站(雨溪桥充电站)(暂停营业),430503,011100,汽车服务;充电站;充电站,暂停营业,2026-10-03T14:38:01Z,名称或类别线索，尚未人工核验
B0J2YPE99C,430500,国家电网汽车充电站(邵阳市北塔区税务局充电站)(内部专用),430511,011100,汽车服务;充电站;充电站,内部使用或限制开放,2026-10-03T14:38:02Z,名称或类别线索，尚未人工核验
B0MRNA7355,430500,中国铁塔汽车充电站(邵阳新邵县严塘镇政府充电站),430522,011103,汽车服务;充电站;专用充电站,原始类别为专用充电站，开放范围待核验,2026-10-03T14:38:04Z,名称或类别线索，尚未人工核验
B0IG4MZ45Y,430500,国家电网汽车充电站(邵阳新邵县本部充电站)(内部专用),430522,011100,汽车服务;充电站;充电站,内部使用或限制开放,2026-10-03T14:38:04Z,名称或类别线索，尚未人工核验
B0L0C5YJIB,430500,能效邻里共享汽车充电站(宝塔坪能效充电桩),430522,011100,汽车服务;充电站;充电站,名称未明确车辆类型,2026-10-03T14:38:05Z,名称或类别线索，尚未人工核验
B0LUTH3KBW,430500,蓝媒优充邵阳市酿溪镇塘口社区汽车充电站,430522,070000,生活服务;生活服务场所;生活服务场所,原始类别未含充电站,2026-10-03T14:38:05Z,名称或类别线索，尚未人工核验
BV11455980,430500,公汽充电站(公交站),430522,150700,交通设施服务;公交车站;公交车站相关,原始类别未含充电站,2026-10-03T14:38:05Z,名称或类别线索，尚未人工核验
B0L0DMMRGH,430500,飞翔新能源(虎寨村充电站),430522,070000,生活服务;生活服务场所;生活服务场所,原始类别未含充电站,2026-10-03T14:38:06Z,名称或类别线索，尚未人工核验
B0MRNA6XBF,430500,中国铁塔汽车充电站(邵阳县白仓政府充电站),430523,011103,汽车服务;充电站;专用充电站,原始类别为专用充电站，开放范围待核验,2026-10-03T14:38:06Z,名称或类别线索，尚未人工核验
B0L1GP9SVJ,430500,驴充充汽车充电站(刘家院子共享充电桩),430523,011100,汽车服务;充电站;充电站,名称未明确车辆类型,2026-10-03T14:38:09Z,名称或类别线索，尚未人工核验
B0MRNA6LDT,430500,中国铁塔汽车充电站(邵阳市隆回铁塔南松汽车充电站),430524,011103,汽车服务;充电站;专用充电站,原始类别为专用充电站，开放范围待核验,2026-10-03T14:38:10Z,名称或类别线索，尚未人工核验
B0MUC40GNE,430500,京能汽车充电站(京能恒丰加油站对面石头山小区充电站),430524,011104,汽车服务;充电站;个人充电站,原始类别为个人充电站，开放范围待核验,2026-10-03T14:38:10Z,名称或类别线索，尚未人工核验
B0MRNA6QXI,430500,中国铁塔汽车充电站(湖南邵阳隆回县横板桥汽车充电站),430524,011103,汽车服务;充电站;专用充电站,原始类别为专用充电站，开放范围待核验,2026-10-03T14:38:11Z,名称或类别线索，尚未人工核验
B0M15G4U2C,430500,绿行汽车充电站(早安隆回),430524,011104,汽车服务;充电站;个人充电站,原始类别为个人充电站，开放范围待核验,2026-10-03T14:38:11Z,名称或类别线索，尚未人工核验
B0G3GCTQ9D,430500,京能新能源隆回充电站,430524,010000,汽车服务;汽车服务相关;汽车服务相关,原始类别未含充电站,2026-10-03T14:38:12Z,名称或类别线索，尚未人工核验
B0MRNA6LDX,430500,中国铁塔汽车充电站(邵阳洞口县环保局充电站),430525,011103,汽车服务;充电站;专用充电站,原始类别为专用充电站，开放范围待核验,2026-10-03T14:38:16Z,名称或类别线索，尚未人工核验
B0MUD4HGDV,430500,京能汽车充电站(洞口县黄桥镇李科充电站好又多超市斜对面),430525,011104,汽车服务;充电站;个人充电站,原始类别为个人充电站，开放范围待核验,2026-10-03T14:38:16Z,名称或类别线索，尚未人工核验
B0L6X5V2LM,430500,能效邻里共享汽车充电站(能效邻里共享汽车充电站兴旺超市后面),430525,011100,汽车服务;充电站;充电站,名称未明确车辆类型,2026-10-03T14:38:17Z,名称或类别线索，尚未人工核验
B0LGVDJODA,430500,汽车充电站(喵充充共享充电桩),430525,011100,汽车服务;充电站;充电站,名称未明确车辆类型,2026-10-03T14:38:18Z,名称或类别线索，尚未人工核验
B0L1RKABYI,430500,云快充目的地充电站(崀山花溪荷悦民宿),430525,011103,汽车服务;充电站;专用充电站,原始类别为专用充电站，开放范围待核验,2026-10-03T14:38:18Z,名称或类别线索，尚未人工核验
B0LDDZCG08,430500,蔚景云汽车充电站(湖南e6),430527,011104,汽车服务;充电站;个人充电站,原始类别为个人充电站，开放范围待核验,2026-10-03T14:38:20Z,名称或类别线索，尚未人工核验
B0L2RKLBN9,430500,星星充电汽车充电站(湘运绥宁县汽车南站充电站)(暂停营业),430527,011100,汽车服务;充电站;充电站,暂停营业,2026-10-03T14:38:20Z,名称或类别线索，尚未人工核验
B0L1M7HFRI,430500,云快充汽车充电站(绥宁县绿洲水电开发有限公司新能源汽车充电站慢充)(暂停营业),430527,011100,汽车服务;充电站;充电站,暂停营业,2026-10-03T14:38:20Z,名称或类别线索，尚未人工核验
B0L07U2L25,430500,云快充汽车充电站(绥宁县绿洲水电开发有限公司新能源汽车充电站)(暂停营业),430527,011100,汽车服务;充电站;充电站,暂停营业,2026-10-03T14:38:20Z,名称或类别线索，尚未人工核验
B0MBNPRMD9,430500,莱充汽车充电站(新宁县黄龙中学)(内部专用),430528,011103,汽车服务;充电站;专用充电站,内部使用或限制开放；原始类别为专用充电站，开放范围待核验,2026-10-03T14:38:21Z,名称或类别线索，尚未人工核验
B0L095DEUE,430500,能效邻里共享汽车充电站(游革康),430528,011100,汽车服务;充电站;充电站,名称未明确车辆类型,2026-10-03T14:38:21Z,名称或类别线索，尚未人工核验
B0L0XRLDG4,430500,智汇充汽车慢充共享充电桩,430528,011100,汽车服务;充电站;充电站,名称未明确车辆类型,2026-10-03T14:38:22Z,名称或类别线索，尚未人工核验
B0LU6LLJ90,430500,新宁县安山乡金塘沙场充电站,430528,070000,生活服务;生活服务场所;生活服务场所,原始类别未含充电站,2026-10-03T14:38:22Z,名称或类别线索，尚未人工核验
B0MD7U6FHB,430500,汽车慢充共享充电桩,430528,011100,汽车服务;充电站;充电站,名称未明确车辆类型,2026-10-03T14:38:22Z,名称或类别线索，尚未人工核验
B0M6TG2VHE,430500,云快充目的地充电站(腾博/崀山霖云山居充电站),430528,011103,汽车服务;充电站;专用充电站,原始类别为专用充电站，开放范围待核验,2026-10-03T14:38:22Z,名称或类别线索，尚未人工核验
B0L1JA836B,430500,中国铁塔汽车充电站(湖南邵阳城步县烟草局充电站),430529,011103,汽车服务;充电站;专用充电站,原始类别为专用充电站，开放范围待核验,2026-10-03T14:38:23Z,名称或类别线索，尚未人工核验
B0MAGYXXYO,430500,能效邻里共享汽车充电站(熙园),430581,011100,汽车服务;充电站;充电站,名称未明确车辆类型,2026-10-03T14:38:27Z,名称或类别线索，尚未人工核验
B0FFKPQH1T,430500,汽车充电站(汇金湾头桥新能源站)(内部专用),430581,011100,汽车服务;充电站;充电站,内部使用或限制开放,2026-10-03T14:38:27Z,名称或类别线索，尚未人工核验
B0H2SSDATJ,430500,星星充电站,430581,010000,汽车服务;汽车服务相关;汽车服务相关,原始类别未含充电站,2026-10-03T14:38:27Z,名称或类别线索，尚未人工核验
B0JU3KOC2Q,430500,国家电网汽车充电站(内部专用),430581,011100,汽车服务;充电站;充电站,内部使用或限制开放,2026-10-03T14:38:27Z,名称或类别线索，尚未人工核验
B0J03S1E6V,430500,中国石化汽车充电站(武冈水西门站),430581,070000,生活服务;生活服务场所;生活服务场所,原始类别未含充电站,2026-10-03T14:38:27Z,名称或类别线索，尚未人工核验
B0HDXY9GXG,430500,平安充电站,430581,070000,生活服务;生活服务场所;生活服务场所,原始类别未含充电站,2026-10-03T14:38:27Z,名称或类别线索，尚未人工核验
B0J6NLNA44,430500,云快充汽车充电站(邓元泰充电站)(暂停营业),430581,011100,汽车服务;充电站;充电站,暂停营业,2026-10-03T14:38:28Z,名称或类别线索，尚未人工核验
B0LBRPGMVZ,430500,汽车充电站特来电邵东城乡客运水东江充电站(内部专用),430582,011103,汽车服务;充电站;专用充电站,内部使用或限制开放；原始类别为专用充电站，开放范围待核验,2026-10-03T14:38:30Z,名称或类别线索，尚未人工核验
B0M6DC6JRE,430500,充电狐电动车充电桩,430582,011100,汽车服务;充电站;充电站,名称未明确车辆类型,2026-10-03T14:38:31Z,名称或类别线索，尚未人工核验
B0LUXULONG,430500,国电充电站,430582,070000,生活服务;生活服务场所;生活服务场所,原始类别未含充电站,2026-10-03T14:38:32Z,名称或类别线索，尚未人工核验
B0L6ZBWFCN,430500,汽车充电站(中国石化邵东城北充电站)(暂停营业),430582,011100,汽车服务;充电站;充电站,暂停营业,2026-10-03T14:38:32Z,名称或类别线索，尚未人工核验
B0KARXEOZ4,430500,特来电汽车充电站(工贸园甲天下煲仔饭充电站)(暂停营业),430582,011100,汽车服务;充电站;充电站,暂停营业,2026-10-03T14:38:32Z,名称或类别线索，尚未人工核验
B0LK058GP1,430500,能效邻里共享汽车充电站(我的场站),430582,011100,汽车服务;充电站;充电站,名称未明确车辆类型,2026-10-03T14:38:32Z,名称或类别线索，尚未人工核验
B0J247AAE6,430600,特斯拉超级充电站(岳阳华致特斯拉授权钣喷中心),430602,011103,汽车服务;充电站;专用充电站,原始类别为专用充电站，开放范围待核验,2026-10-03T14:38:34Z,名称或类别线索，尚未人工核验
B0LR7AHJXY,430600,中国铁塔汽车充电站(岳阳市湘北大道汽车快充站),430602,011103,汽车服务;充电站;专用充电站,原始类别为专用充电站，开放范围待核验,2026-10-03T14:38:36Z,名称或类别线索，尚未人工核验
B0KAVGDPW4,430600,特斯拉超级充电站(岳阳半岛花园餐厅),430602,011103,汽车服务;充电站;专用充电站,原始类别为专用充电站，开放范围待核验,2026-10-03T14:38:37Z,名称或类别线索，尚未人工核验
B0L0TB8OZL,430600,云快充超级充电站(国能石化中科充电站)(暂停营业),430602,011100,汽车服务;充电站;充电站,暂停营业,2026-10-03T14:38:38Z,名称或类别线索，尚未人工核验
B0J2ZRJIVF,430600,湖南高速汽车充电站(湖南高速岳阳分公司本部充电站),430602,011103,汽车服务;充电站;专用充电站,原始类别为专用充电站，开放范围待核验,2026-10-03T14:38:38Z,名称或类别线索，尚未人工核验
B0LBG567SQ,430600,能效邻里共享汽车充电站(南湖壹号一期10栋B158车位),430602,011100,汽车服务;充电站;充电站,名称未明确车辆类型,2026-10-03T14:38:40Z,名称或类别线索，尚未人工核验
B0MRCAP7UP,430600,蔚景云汽车充电站(岳阳昌德新材料有限公司充电站)(内部专用),430602,011103,汽车服务;充电站;专用充电站,内部使用或限制开放；原始类别为专用充电站，开放范围待核验,2026-10-03T14:38:40Z,名称或类别线索，尚未人工核验
B0LR95OUK2,430600,能效邻里共享汽车充电站(巴陵邕湖庄园酒店能效充电桩),430602,011100,汽车服务;充电站;充电站,名称未明确车辆类型,2026-10-03T14:38:40Z,名称或类别线索，尚未人工核验
B0G1ZH68VC,430600,电利综合能源充电站,430602,010000,汽车服务;汽车服务相关;汽车服务相关,原始类别未含充电站,2026-10-03T14:38:40Z,名称或类别线索，尚未人工核验
B0MD95OUD3,430600,特来电汽车充电站(岳阳美宝行充电项目),430602,011103,汽车服务;充电站;专用充电站,原始类别为专用充电站，开放范围待核验,2026-10-03T14:38:42Z,名称或类别线索，尚未人工核验
B0LRO5WBSG,430600,能效邻里共享汽车充电站(易至汽车能效充电桩),430602,011100,汽车服务;充电站;充电站,名称未明确车辆类型,2026-10-03T14:38:42Z,名称或类别线索，尚未人工核验
B0L61UMV7M,430600,蔚来能源目的地充电站(内部使用岳阳益海嘉里老厂区),430602,011100,汽车服务;充电站;充电站,内部使用或限制开放,2026-10-03T14:38:42Z,名称或类别线索，尚未人工核验
B0KDSBRP6K,430600,中国石化汽车充电站(湖南省-岳阳市-直属零售公司-岳云加油站),430603,011103,汽车服务;充电站;专用充电站,原始类别为专用充电站，开放范围待核验,2026-10-03T14:38:43Z,名称或类别线索，尚未人工核验
B0LUTD6GOQ,430600,华自充电汽车充电站云溪区文苑站,430603,070000,生活服务;生活服务场所;生活服务场所,原始类别未含充电站,2026-10-03T14:38:44Z,名称或类别线索，尚未人工核验
B0K6THPL88,430600,中国石化汽车充电站(湖南省-岳阳市-直属零售公司-君山加油站),430611,011103,汽车服务;充电站;专用充电站,原始类别为专用充电站，开放范围待核验,2026-10-03T14:38:46Z,名称或类别线索，尚未人工核验
B0KDSBMHW3,430600,中国石化汽车充电站(湖南省-岳阳市-岳阳县公司-岳阳县荣家湾加油站),430621,011103,汽车服务;充电站;专用充电站,原始类别为专用充电站，开放范围待核验,2026-10-03T14:38:47Z,名称或类别线索，尚未人工核验
B0KDSBQX77,430600,中国石化汽车充电站(湖南省-岳阳市-岳阳县公司-城北加油站),430621,011103,汽车服务;充电站;专用充电站,原始类别为专用充电站，开放范围待核验,2026-10-03T14:38:47Z,名称或类别线索，尚未人工核验
B0M6YYQNFA,430600,能效邻里共享汽车充电站(汉雄鸽业充电桩),430621,011100,汽车服务;充电站;充电站,名称未明确车辆类型,2026-10-03T14:38:48Z,名称或类别线索，尚未人工核验
B0M29BS347,430600,云快充超级充电站(岳阳县久乐陶瓷充电站),430621,011103,汽车服务;充电站;专用充电站,原始类别为专用充电站，开放范围待核验,2026-10-03T14:38:50Z,名称或类别线索，尚未人工核验
B0LKVN3HO7,430600,小桔充电汽车充电站(湖南电利贤恩充电站许广高速路口站2期)(暂停营业),430621,011100,汽车服务;充电站;充电站,暂停营业,2026-10-03T14:38:50Z,名称或类别线索，尚未人工核验
B0KDSBRHJZ,430600,中国石化汽车充电站(湖南省-岳阳市-华容公司-石伏加油站),430623,011103,汽车服务;充电站;专用充电站,原始类别为专用充电站，开放范围待核验,2026-10-03T14:38:50Z,名称或类别线索，尚未人工核验
B0M6DP494R,430600,润诚达汽车充电站(友加秀华容墨山站),430623,011103,汽车服务;充电站;专用充电站,原始类别为专用充电站，开放范围待核验,2026-10-03T14:38:50Z,名称或类别线索，尚未人工核验
B0LUMUBDXD,430600,惠华城投中农联充电站,430623,070000,生活服务;生活服务场所;生活服务场所,原始类别未含充电站,2026-10-03T14:38:51Z,名称或类别线索，尚未人工核验
B0MBDDG7RK,430600,汉口街电动车充电,430623,011100,汽车服务;充电站;充电站,名称未明确车辆类型,2026-10-03T14:38:51Z,名称或类别线索，尚未人工核验
B0LUA5FIFR,430600,惠华城投充电站,430623,070000,生活服务;生活服务场所;生活服务场所,原始类别未含充电站,2026-10-03T14:38:52Z,名称或类别线索，尚未人工核验
B0MRNA6LDZ,430600,中国铁塔超级充电站(岳阳湘阴县大冲物流园重卡充电站),430624,011103,汽车服务;充电站;专用充电站,原始类别为专用充电站，开放范围待核验,2026-10-03T14:38:54Z,名称或类别线索，尚未人工核验
B0LUPMYU8G,430600,湘阴城发超级充电站(东湖西堤站),430624,090000,医疗保健服务;医疗保健服务场所;医疗保健服务场所,原始类别未含充电站,2026-10-03T14:38:54Z,名称或类别线索，尚未人工核验
B0KDSBM2HH,430600,中国石化汽车充电站(湖南省-岳阳市-湘阴县公司-冬茅加油站),430624,011103,汽车服务;充电站;专用充电站,原始类别为专用充电站，开放范围待核验,2026-10-03T14:38:55Z,名称或类别线索，尚未人工核验
B0L1M5HLD4,430600,能效邻里共享汽车充电站(湖南定宇新材料科技有限公司能效充电桩),430624,011100,汽车服务;充电站;充电站,名称未明确车辆类型,2026-10-03T14:38:55Z,名称或类别线索，尚未人工核验
B0MD0YQ7VI,430600,云快充汽车充电站(西林社区充电站),430624,011104,汽车服务;充电站;个人充电站,原始类别为个人充电站，开放范围待核验,2026-10-03T14:38:56Z,名称或类别线索，尚未人工核验
B0LUZ5UJPE,430600,云快充充电站(新泉镇运输服务中心),430624,070000,生活服务;生活服务场所;生活服务场所,原始类别未含充电站,2026-10-03T14:38:57Z,名称或类别线索，尚未人工核验
B0LUPAWZPL,430600,城发集团汽车充电站(湘阴宾馆停车场),430624,070000,生活服务;生活服务场所;生活服务场所,原始类别未含充电站,2026-10-03T14:38:57Z,名称或类别线索，尚未人工核验
B0LUG5G83X,430600,城发集团汽车充电站(龙潭生命公园停车场),430624,070000,生活服务;生活服务场所;生活服务场所,原始类别未含充电站,2026-10-03T14:38:57Z,名称或类别线索，尚未人工核验
B0K3VKL09G,430600,国家电网汽车充电站(岳阳市湘阴县长仑充电站)(内部专用),430624,011100,汽车服务;充电站;充电站,内部使用或限制开放,2026-10-03T14:38:57Z,名称或类别线索，尚未人工核验
B0KDSBLN4S,430600,中国石化汽车充电站(湖南省-岳阳市-平江县公司-三阳加油站),430626,011103,汽车服务;充电站;专用充电站,原始类别为专用充电站，开放范围待核验,2026-10-03T14:38:58Z,名称或类别线索，尚未人工核验
B0KDSBUA45,430600,中国石化汽车充电站(湖南省-岳阳市-平江县公司-平江严家滩加油站),430626,011103,汽车服务;充电站;专用充电站,原始类别为专用充电站，开放范围待核验,2026-10-03T14:38:58Z,名称或类别线索，尚未人工核验
B0M675XMUZ,430600,能效邻里共享汽车充电站(Wattsaving充电站),430626,011100,汽车服务;充电站;充电站,名称未明确车辆类型,2026-10-03T14:38:59Z,名称或类别线索，尚未人工核验
B0L2V58TAW,430600,能效邻里共享汽车充电站(余坪镇范固村大屋组李占成家),430626,011100,汽车服务;充电站;充电站,名称未明确车辆类型,2026-10-03T14:38:59Z,名称或类别线索，尚未人工核验
B0MDXRZPVF,430600,游客集散中心共享充电桩,430626,011100,汽车服务;充电站;充电站,名称未明确车辆类型,2026-10-03T14:39:01Z,名称或类别线索，尚未人工核验
B0L23555NT,430600,能效邻里共享汽车充电站(鹿仙堡充电站),430626,011100,汽车服务;充电站;充电站,名称未明确车辆类型,2026-10-03T14:39:02Z,名称或类别线索，尚未人工核验
B0MA6ULAIO,430600,云快充目的地充电站(草塘里小区22栋3单元共享充电桩),430626,011100,汽车服务;充电站;充电站,名称未明确车辆类型,2026-10-03T14:39:02Z,名称或类别线索，尚未人工核验
B0LKRR7I3A,430600,能效邻里共享汽车充电站(苏金柳),430626,011100,汽车服务;充电站;充电站,名称未明确车辆类型,2026-10-03T14:39:03Z,名称或类别线索，尚未人工核验
B0M6DH67NL,430600,路洲际酒店电动汽车充电站,430626,070000,生活服务;生活服务场所;生活服务场所,原始类别未含充电站,2026-10-03T14:39:03Z,名称或类别线索，尚未人工核验
B0L165SY67,430600,能效邻里共享汽车充电站(周查文),430626,011100,汽车服务;充电站;充电站,名称未明确车辆类型,2026-10-03T14:39:03Z,名称或类别线索，尚未人工核验
B0HG7CLZ7R,430600,云快充汽车充电站(SY公安厅平江强制医疗地上)(内部专用),430626,011103,汽车服务;充电站;专用充电站,内部使用或限制开放；原始类别为专用充电站，开放范围待核验,2026-10-03T14:39:03Z,名称或类别线索，尚未人工核验
B0L1N5WGBO,430600,能效邻里共享汽车充电站(丁庆云),430626,011100,汽车服务;充电站;充电站,名称未明确车辆类型,2026-10-03T14:39:03Z,名称或类别线索，尚未人工核验
B0MAGYYB2J,430600,能效邻里共享汽车充电站(戴丁裕),430626,011100,汽车服务;充电站;充电站,名称未明确车辆类型,2026-10-03T14:39:03Z,名称或类别线索，尚未人工核验
B0MUA13SF8,430600,能效邻里共享汽车充电站(能),430626,011100,汽车服务;充电站;充电站,名称未明确车辆类型,2026-10-03T14:39:04Z,名称或类别线索，尚未人工核验
B0L0O5ILDX,430600,能效邻里共享汽车充电站(余总),430626,011100,汽车服务;充电站;充电站,名称未明确车辆类型,2026-10-03T14:39:04Z,名称或类别线索，尚未人工核验
B0MAGYXXZF,430600,能效邻里共享汽车充电站(汤乜),430626,011100,汽车服务;充电站;充电站,名称未明确车辆类型,2026-10-03T14:39:04Z,名称或类别线索，尚未人工核验
B0L2R5MVL0,430600,能效邻里共享汽车充电站(启创托管),430626,011100,汽车服务;充电站;充电站,名称未明确车辆类型,2026-10-03T14:39:04Z,名称或类别线索，尚未人工核验
B0M6Z51C70,430600,能效邻里共享汽车充电站(能效),430626,011100,汽车服务;充电站;充电站,名称未明确车辆类型,2026-10-03T14:39:04Z,名称或类别线索，尚未人工核验
B0MAGYY5ON,430600,能效邻里共享汽车充电站(丁如),430626,011100,汽车服务;充电站;充电站,名称未明确车辆类型,2026-10-03T14:39:04Z,名称或类别线索，尚未人工核验
B0L2D597ZK,430600,能效邻里共享汽车充电站(丁),430626,011100,汽车服务;充电站;充电站,名称未明确车辆类型,2026-10-03T14:39:04Z,名称或类别线索，尚未人工核验
B0L1H5WS6J,430600,能效邻里共享汽车充电站(李春林),430626,011100,汽车服务;充电站;充电站,名称未明确车辆类型,2026-10-03T14:39:05Z,名称或类别线索，尚未人工核验
B0MGKNJBTH,430600,能效邻里共享汽车充电站(Wattsaving充电站),430626,011100,汽车服务;充电站;充电站,名称未明确车辆类型,2026-10-03T14:39:05Z,名称或类别线索，尚未人工核验
B0MAGYYQ1A,430600,能效邻里共享汽车充电站(智雅蓝庭5栋332车位),430626,011100,汽车服务;充电站;充电站,名称未明确车辆类型,2026-10-03T14:39:05Z,名称或类别线索，尚未人工核验
B0L015FMZO,430600,能效邻里共享汽车充电站(秋红超市),430626,011100,汽车服务;充电站;充电站,名称未明确车辆类型,2026-10-03T14:39:05Z,名称或类别线索，尚未人工核验
B0MAGYYQ0K,430600,能效邻里共享汽车充电站(丁耀宗),430626,011100,汽车服务;充电站;充电站,名称未明确车辆类型,2026-10-03T14:39:05Z,名称或类别线索，尚未人工核验
B0LD15I8ZT,430600,能效邻里共享汽车充电站(汨罗市建设路GAJ),430681,011100,汽车服务;充电站;充电站,名称未明确车辆类型,2026-10-03T14:39:11Z,名称或类别线索，尚未人工核验
B0LRS54O2Z,430600,能效邻里共享汽车充电站(新市镇享惠超市共享桩),430681,011100,汽车服务;充电站;充电站,名称未明确车辆类型,2026-10-03T14:39:11Z,名称或类别线索，尚未人工核验
B0K3NZN7ZD,430600,星星充电汽车充电站(光大现代环保能源汨罗有限公司充电停车站)(内部专用),430681,011103,汽车服务;充电站;专用充电站,内部使用或限制开放；原始类别为专用充电站，开放范围待核验,2026-10-03T14:39:11Z,名称或类别线索，尚未人工核验
B0KKJ5NIR1,430600,能效邻里共享汽车充电站(能效充电桩),430681,011100,汽车服务;充电站;充电站,名称未明确车辆类型,2026-10-03T14:39:12Z,名称或类别线索，尚未人工核验
B0LRR5L8G6,430600,能效邻里共享汽车充电站(汨罗飞龙汽车售后服务共享桩),430681,011100,汽车服务;充电站;充电站,名称未明确车辆类型,2026-10-03T14:39:12Z,名称或类别线索，尚未人工核验
B0L2L1PL0L,430600,能效邻里共享汽车充电站(湖优冠体育材料有限公司),430681,011100,汽车服务;充电站;充电站,名称未明确车辆类型,2026-10-03T14:39:12Z,名称或类别线索，尚未人工核验
B0L1N5WTQJ,430600,能效邻里共享汽车充电站(能效天眼共享桩),430681,011100,汽车服务;充电站;充电站,名称未明确车辆类型,2026-10-03T14:39:12Z,名称或类别线索，尚未人工核验
B0MBN7U2IN,430600,国家电网汽车充电站(湖南省岳阳市汨罗市慕思睡眠体验馆充电站积成智通-星链动力)(暂停营业),430681,011100,汽车服务;充电站;充电站,暂停营业,2026-10-03T14:39:12Z,名称或类别线索，尚未人工核验
B0HKFO26HI,430600,国家电网汽车充电站(岳阳临湘星河营业厅充电站)(内部专用),430682,011103,汽车服务;充电站;专用充电站,内部使用或限制开放；原始类别为专用充电站，开放范围待核验,2026-10-03T14:39:13Z,名称或类别线索，尚未人工核验
B0K055SSAE,430600,能效邻里共享汽车充电站(长安一品7KW共享充电桩),430682,011100,汽车服务;充电站;充电站,名称未明确车辆类型,2026-10-03T14:39:13Z,名称或类别线索，尚未人工核验
B0M11A12VR,430600,中国铁塔汽车充电站(临湘市邮政汽充充电站),430682,011103,汽车服务;充电站;专用充电站,原始类别为专用充电站，开放范围待核验,2026-10-03T14:39:13Z,名称或类别线索，尚未人工核验
B0LKBXVLWC,430600,平高智联汽车充电站(临湘金叶众望充电站),430682,011103,汽车服务;充电站;专用充电站,原始类别为专用充电站，开放范围待核验,2026-10-03T14:39:14Z,名称或类别线索，尚未人工核验
B0LGXSBG0B,430600,汽车充电站(沙坪李氏米业充电站),430682,011103,汽车服务;充电站;专用充电站,原始类别为专用充电站，开放范围待核验,2026-10-03T14:39:14Z,名称或类别线索，尚未人工核验
B0MAA9A4VR,430600,7KW共享充电桩,430682,011100,汽车服务;充电站;充电站,名称未明确车辆类型,2026-10-03T14:39:14Z,名称或类别线索，尚未人工核验
B0LBRMHKXI,430600,汽车充电站(理想家充个人桩),430682,011103,汽车服务;充电站;专用充电站,原始类别为专用充电站，开放范围待核验,2026-10-03T14:39:14Z,名称或类别线索，尚未人工核验
B0FFH6D4S2,430600,湖南高速新能源临湘服务区充电站(港澳方向)(暂停营业),430682,011100,汽车服务;充电站;充电站,暂停营业,2026-10-03T14:39:14Z,名称或类别线索，尚未人工核验
B0LDDHBLN1,430600,湖南高速汽车充电站(临湘服务区港澳方向)(暂停营业),430682,011100,汽车服务;充电站;充电站,暂停营业,2026-10-03T14:39:14Z,名称或类别线索，尚未人工核验
B0JBTU6DVM,430600,蔚来能源汽车充电站(待拆站岳阳临湘美宿欢漫酒店)(暂停营业),430682,011100,汽车服务;充电站;充电站,暂停营业,2026-10-03T14:39:14Z,名称或类别线索，尚未人工核验
B0FFJA4U42,430600,汽车充电站(湖南高速新能源临湘服务区京港澳高速北京方向)(暂停营业),430682,011100,汽车服务;充电站;充电站,暂停营业,2026-10-03T14:39:14Z,名称或类别线索，尚未人工核验
B0K6A7VIDQ,430600,湖南高速新能源桃林停车区充电站(京港澳高速北京方向)(暂停营业),430682,011100,汽车服务;充电站;充电站,暂停营业,2026-10-03T14:39:14Z,名称或类别线索，尚未人工核验
B0JB9Y0QHD,430600,国家电网汽车充电站(湖南京港澳高速临湘服务区充电站二期北京方向)(暂停营业),430682,011100,汽车服务;充电站;充电站,暂停营业,2026-10-03T14:39:15Z,名称或类别线索，尚未人工核验
B0JAUAQEIQ,430600,湖南高速汽车充电站(京港澳-桃林A-港澳方向服)(暂停营业),430682,011100,汽车服务;充电站;充电站,暂停营业,2026-10-03T14:39:15Z,名称或类别线索，尚未人工核验
B0LD2ONES4,430700,湖南高速汽车充电站(湖南高速常德分公司本部充电站)(内部专用),430702,011103,汽车服务;充电站;专用充电站,内部使用或限制开放；原始类别为专用充电站，开放范围待核验,2026-10-03T14:39:18Z,名称或类别线索，尚未人工核验
B0GDUA4VGQ,430700,车电网汽车充电站(市人大交流),430702,010000,汽车服务;汽车服务相关;汽车服务相关,原始类别未含充电站,2026-10-03T14:39:18Z,名称或类别线索，尚未人工核验
B0LAU531Q8,430700,能效邻里共享汽车充电站(七里桥花苑充电站),430702,011100,汽车服务;充电站;充电站,名称未明确车辆类型,2026-10-03T14:39:18Z,名称或类别线索，尚未人工核验
B0IAHS45W3,430700,小鹏汽车汽车充电站(常德柳园锦江酒店小鹏超充站)(暂停营业),430702,011100,汽车服务;充电站;充电站,暂停营业,2026-10-03T14:39:20Z,名称或类别线索，尚未人工核验
B0KKMZ2CDR,430700,车电网汽车充电站(常德市市委)(不对外开放),430702,011103,汽车服务;充电站;专用充电站,内部使用或限制开放；原始类别为专用充电站，开放范围待核验,2026-10-03T14:39:22Z,名称或类别线索，尚未人工核验
B0KAVKAQ5G,430700,国家电网汽车充电站(常德市德山及经开区埃安汽车4s店公共充电站)(暂停营业),430702,011100,汽车服务;充电站;充电站,暂停营业,2026-10-03T14:39:22Z,名称或类别线索，尚未人工核验
B0MGXAXC24,430700,云快充汽车充电站(常德市武陵区法院充电站),430702,011103,汽车服务;充电站;专用充电站,原始类别为专用充电站，开放范围待核验,2026-10-03T14:39:23Z,名称或类别线索，尚未人工核验
B0IBAN04FH,430700,汽车充电站(蔚来目充站常德泽云酒店)(暂停营业),430702,011100,汽车服务;充电站;充电站,暂停营业,2026-10-03T14:39:24Z,名称或类别线索，尚未人工核验
B0LA358YAC,430700,能效邻里共享汽车充电站(月亮社区),430702,011100,汽车服务;充电站;充电站,名称未明确车辆类型,2026-10-03T14:39:24Z,名称或类别线索，尚未人工核验
B0LUU5BCEK,430700,能效邻里共享汽车充电站(烟厂一区),430702,011100,汽车服务;充电站;充电站,名称未明确车辆类型,2026-10-03T14:39:24Z,名称或类别线索，尚未人工核验
B0LRB5N9ZW,430700,能效邻里共享汽车充电站(金色小岛),430702,011100,汽车服务;充电站;充电站,名称未明确车辆类型,2026-10-03T14:39:24Z,名称或类别线索，尚未人工核验
B0L1UG244I,430700,特斯拉超级充电站(常德吾悦广场),430703,011103,汽车服务;充电站;专用充电站,原始类别为专用充电站，开放范围待核验,2026-10-03T14:39:25Z,名称或类别线索，尚未人工核验
B0M6Z52644,430700,能效邻里共享汽车充电站(谈家河国猛养猪场),430703,011100,汽车服务;充电站;充电站,名称未明确车辆类型,2026-10-03T14:39:26Z,名称或类别线索，尚未人工核验
B0LG1510RN,430700,能效邻里共享汽车充电站(能效天眼充电桩),430703,011100,汽车服务;充电站;充电站,名称未明确车辆类型,2026-10-03T14:39:26Z,名称或类别线索，尚未人工核验
B0LAJ5OYTD,430700,能效邻里共享汽车充电站(莱茵小镇),430703,011100,汽车服务;充电站;充电站,名称未明确车辆类型,2026-10-03T14:39:26Z,名称或类别线索，尚未人工核验
B0LDNUYSGA,430700,能效邻里共享汽车充电站(李家桥),430703,011100,汽车服务;充电站;充电站,名称未明确车辆类型,2026-10-03T14:39:26Z,名称或类别线索，尚未人工核验
B0LRD56Z19,430700,能效邻里共享汽车充电站(友忠),430703,011100,汽车服务;充电站;充电站,名称未明确车辆类型,2026-10-03T14:39:26Z,名称或类别线索，尚未人工核验
B0L3L5PW2F,430700,能效邻里共享汽车充电站(李宏超市),430703,011100,汽车服务;充电站;充电站,名称未明确车辆类型,2026-10-03T14:39:26Z,名称或类别线索，尚未人工核验
B0L1TB1GAG,430700,云快充目的地充电站(新日世纪城共享充电桩),430703,011100,汽车服务;充电站;充电站,名称未明确车辆类型,2026-10-03T14:39:27Z,名称或类别线索，尚未人工核验
B0IDCMND8T,430700,国家电网汽车充电站(常德市鼎城机关事务局专用充电站),430703,011103,汽车服务;充电站;专用充电站,原始类别为专用充电站，开放范围待核验,2026-10-03T14:39:28Z,名称或类别线索，尚未人工核验
B0L3TH86Y3,430700,新日世纪城七栋邻里共享充电桩,430703,011100,汽车服务;充电站;充电站,名称未明确车辆类型,2026-10-03T14:39:28Z,名称或类别线索，尚未人工核验
B0L3D55GG7,430700,能效邻里共享汽车充电站(石公桥三兴村),430703,011100,汽车服务;充电站;充电站,名称未明确车辆类型,2026-10-03T14:39:28Z,名称或类别线索，尚未人工核验
B0LKSHIDED,430700,特来电汽车充电站(安乡城投财政局充电站)(暂停营业),430721,011100,汽车服务;充电站;充电站,暂停营业,2026-10-03T14:39:30Z,名称或类别线索，尚未人工核验
B0L1M5GP0L,430700,能效邻里共享汽车充电站(汉寿双合桥),430722,011100,汽车服务;充电站;充电站,名称未明确车辆类型,2026-10-03T14:39:32Z,名称或类别线索，尚未人工核验
B0LAH5HWI6,430700,能效邻里共享汽车充电站(鑫源缝盘厂充电站),430722,011100,汽车服务;充电站;充电站,名称未明确车辆类型,2026-10-03T14:39:32Z,名称或类别线索，尚未人工核验
B0L2L5OLGM,430700,能效邻里共享汽车充电站(东润花苑),430722,011100,汽车服务;充电站;充电站,名称未明确车辆类型,2026-10-03T14:39:32Z,名称或类别线索，尚未人工核验
B0LDJ5Y3YC,430700,能效邻里共享汽车充电站(同永村),430722,011100,汽车服务;充电站;充电站,名称未明确车辆类型,2026-10-03T14:39:32Z,名称或类别线索，尚未人工核验
B0LDODWVP0,430700,星星充电汽车充电站(银谷充电),430723,011103,汽车服务;充电站;专用充电站,原始类别为专用充电站，开放范围待核验,2026-10-03T14:39:36Z,名称或类别线索，尚未人工核验
B0HB7R1GIK,430700,国网汽车充电站(暂停营业),430723,011100,汽车服务;充电站;充电站,暂停营业,2026-10-03T14:39:37Z,名称或类别线索，尚未人工核验
B0LGDGESPD,430700,星链汽车充电站(尚东湾7kw个人共享),430725,011104,汽车服务;充电站;个人充电站,原始类别为个人充电站，开放范围待核验,2026-10-03T14:39:44Z,名称或类别线索，尚未人工核验
B0L61G41EM,430700,星链汽车充电站(牛车河7kw共享桩),430725,011104,汽车服务;充电站;个人充电站,原始类别为个人充电站，开放范围待核验,2026-10-03T14:39:44Z,名称或类别线索，尚未人工核验
B0M6D56VRO,430700,能效邻里共享汽车充电站(桃源西安填红岩湾口新大洲本田对面),430725,011100,汽车服务;充电站;充电站,名称未明确车辆类型,2026-10-03T14:39:44Z,名称或类别线索，尚未人工核验
B0LKF5TKM3,430700,能效邻里共享汽车充电站(桃花源3好维也纳),430725,011100,汽车服务;充电站;充电站,名称未明确车辆类型,2026-10-03T14:39:44Z,名称或类别线索，尚未人工核验
B0LDC5DUAQ,430700,能效邻里共享汽车充电站(月亮城),430725,011100,汽车服务;充电站;充电站,名称未明确车辆类型,2026-10-03T14:39:44Z,名称或类别线索，尚未人工核验
B0LR45PHOB,430700,能效邻里共享汽车充电站(辰华长合院),430725,011100,汽车服务;充电站;充电站,名称未明确车辆类型,2026-10-03T14:39:44Z,名称或类别线索，尚未人工核验
B0L3A5VIM9,430700,能效邻里共享汽车充电站(桃诚1号),430725,011100,汽车服务;充电站;充电站,名称未明确车辆类型,2026-10-03T14:39:44Z,名称或类别线索，尚未人工核验
B0MBSBDSJV,430700,能效邻里共享汽车充电站(桃源西安村),430725,011100,汽车服务;充电站;充电站,名称未明确车辆类型,2026-10-03T14:39:45Z,名称或类别线索，尚未人工核验
B0MBXAYAB8,430700,云快充目的地充电站(湖南金子山电子产业园内部使用不对外开放),430725,011103,汽车服务;充电站;专用充电站,内部使用或限制开放；原始类别为专用充电站，开放范围待核验,2026-10-03T14:39:45Z,名称或类别线索，尚未人工核验
B0M61CJ4YL,430700,能效邻里共享汽车充电站(众信汽修),430726,011100,汽车服务;充电站;充电站,名称未明确车辆类型,2026-10-03T14:39:47Z,名称或类别线索，尚未人工核验
B0L375LDDU,430700,能效邻里共享汽车充电站(正诚),430726,011100,汽车服务;充电站;充电站,名称未明确车辆类型,2026-10-03T14:39:47Z,名称或类别线索，尚未人工核验
B0M6MNTP6O,430700,云快充超级充电站(石门鸿鑫瑞重卡充电站),430726,011103,汽车服务;充电站;专用充电站,原始类别为专用充电站，开放范围待核验,2026-10-03T14:39:47Z,名称或类别线索，尚未人工核验
B0MG2H2KZK,430700,慢充共享充电桩,430726,011100,汽车服务;充电站;充电站,名称未明确车辆类型,2026-10-03T14:39:49Z,名称或类别线索，尚未人工核验
B0K3J5DAVY,430700,太平镇众信汽修(能效邻里共享汽车充电站),430726,011100,汽车服务;充电站;充电站,名称未明确车辆类型,2026-10-03T14:39:49Z,名称或类别线索，尚未人工核验
B0MRNA6XBP,430800,中国铁塔汽车充电站(湖南省张家界市交警一大队充电站),430802,011103,汽车服务;充电站;专用充电站,原始类别为专用充电站，开放范围待核验,2026-10-03T14:39:52Z,名称或类别线索，尚未人工核验
B0KKXA0XI6,430800,中国铁塔汽车充电站(湖南省张家界市大庸桥梅尼充电站),430802,011103,汽车服务;充电站;专用充电站,原始类别为专用充电站，开放范围待核验,2026-10-03T14:39:53Z,名称或类别线索，尚未人工核验
B0L1F5XPBI,430800,能效邻里共享汽车充电站(天门大夏交流充电站),430802,011100,汽车服务;充电站;充电站,名称未明确车辆类型,2026-10-03T14:39:54Z,名称或类别线索，尚未人工核验
B0MRNA6QX1,430800,中国铁塔汽车充电站(张家界永定区阳湖坪梅尼充电站),430802,011103,汽车服务;充电站;专用充电站,原始类别为专用充电站，开放范围待核验,2026-10-03T14:39:54Z,名称或类别线索，尚未人工核验
B0GRNZ99PN,430800,张家界交投汽车充电站(市工信局),430802,010000,汽车服务;汽车服务相关;汽车服务相关,原始类别未含充电站,2026-10-03T14:39:57Z,名称或类别线索，尚未人工核验
B0LUFS138O,430800,华自张家界迎宾路凤湾大桥充电站,430802,070000,生活服务;生活服务场所;生活服务场所,原始类别未含充电站,2026-10-03T14:39:57Z,名称或类别线索，尚未人工核验
B0M6OKJOEQ,430800,交投能源汽车充电站(交投充电22号站-市委2不对外开放),430802,011100,汽车服务;充电站;充电站,内部使用或限制开放,2026-10-03T14:39:57Z,名称或类别线索，尚未人工核验
B0K3J56J2X,430800,交投能源汽车充电站(交投充电22号站-市委不对外开放),430802,011100,汽车服务;充电站;充电站,内部使用或限制开放,2026-10-03T14:39:57Z,名称或类别线索，尚未人工核验
B0FFKNG300,430800,和欣新能源电动汽车充电站,430802,010000,汽车服务;汽车服务相关;汽车服务相关,原始类别未含充电站,2026-10-03T14:39:57Z,名称或类别线索，尚未人工核验
B0HGO6S11J,430800,云快充汽车充电站(SC张家界人民银行办公楼北侧)(内部专用),430802,011103,汽车服务;充电站;专用充电站,内部使用或限制开放；原始类别为专用充电站，开放范围待核验,2026-10-03T14:39:58Z,名称或类别线索，尚未人工核验
B0L07N0N76,430800,中国铁塔超级充电站(张家界市武陵源区百丈峡充电站),430811,011103,汽车服务;充电站;专用充电站,原始类别为专用充电站，开放范围待核验,2026-10-03T14:40:00Z,名称或类别线索，尚未人工核验
B0MRNA6LDP,430800,中国铁塔汽车充电站(湖南张家界武陵源区人民医院充电站),430811,011103,汽车服务;充电站;专用充电站,原始类别为专用充电站，开放范围待核验,2026-10-03T14:40:00Z,名称或类别线索，尚未人工核验
B0MR958CE6,430800,创远发展汽车充电站,430811,011103,汽车服务;充电站;专用充电站,原始类别为专用充电站，开放范围待核验,2026-10-03T14:40:02Z,名称或类别线索，尚未人工核验
B0IBANZOSA,430800,蔚来能源目的地充电站(已拆除张家界五号山谷民宿)(暂停营业),430811,011100,汽车服务;充电站;充电站,暂停营业；已拆除,2026-10-03T14:40:03Z,名称或类别线索，尚未人工核验
B0MAV46359,430800,小朗充电汽车充电站(伍道和-张家界香巴拉充电站)(暂停营业),430811,011100,汽车服务;充电站;充电站,暂停营业,2026-10-03T14:40:04Z,名称或类别线索，尚未人工核验
B0K6CNX0A0,430800,国家电网汽车充电站(湖南省张家界市岩泊渡专用充电站)(内部专用),430821,011103,汽车服务;充电站;专用充电站,内部使用或限制开放；原始类别为专用充电站，开放范围待核验,2026-10-03T14:40:05Z,名称或类别线索，尚未人工核验
B0L23446LA,430800,中国石化汽车充电站(东岳观管理中心充电站)(内部专用),430821,011103,汽车服务;充电站;专用充电站,内部使用或限制开放；原始类别为专用充电站，开放范围待核验,2026-10-03T14:40:05Z,名称或类别线索，尚未人工核验
B0LUVDE2SF,430800,交投能源汽车充电站(交投充电36号站-江垭汽车站不对外开放),430821,011100,汽车服务;充电站;充电站,内部使用或限制开放,2026-10-03T14:40:05Z,名称或类别线索，尚未人工核验
B0L04SX21X,430800,星星充电汽车充电站(张家界慈利县杉木桥充电站)(内部专用),430821,011103,汽车服务;充电站;专用充电站,内部使用或限制开放；原始类别为专用充电站，开放范围待核验,2026-10-03T14:40:07Z,名称或类别线索，尚未人工核验
B0LUF513JX,430800,能效邻里共享汽车充电站(大众医院),430821,011100,汽车服务;充电站;充电站,名称未明确车辆类型,2026-10-03T14:40:09Z,名称或类别线索，尚未人工核验
B0L1J58IH0,430800,能效邻里共享汽车充电站(军君文体商行),430821,011100,汽车服务;充电站;充电站,名称未明确车辆类型,2026-10-03T14:40:09Z,名称或类别线索，尚未人工核验
B0IAL5Y4HM,430800,星星充电汽车充电站(慈利县十板桩群_1)(暂停营业),430821,011100,汽车服务;充电站;充电站,暂停营业,2026-10-03T14:40:09Z,名称或类别线索，尚未人工核验
B0L3RPO0LE,430800,能效邻里共享汽车充电站(军君文体商行),430821,011100,汽车服务;充电站;充电站,名称未明确车辆类型,2026-10-03T14:40:09Z,名称或类别线索，尚未人工核验
B0GUX1A8W1,430800,湘运新能源充电站(内部专用),430822,011103,汽车服务;充电站;专用充电站,内部使用或限制开放；原始类别为专用充电站，开放范围待核验,2026-10-03T14:40:11Z,名称或类别线索，尚未人工核验
B0L374KRWR,430800,中国石化汽车充电站(上河溪收费站充电站)(暂停营业),430822,011100,汽车服务;充电站;充电站,暂停营业,2026-10-03T14:40:12Z,名称或类别线索，尚未人工核验
B0H12S6UON,430900,湖南新绿新能源南丰汽车充电站,430902,010000,汽车服务;汽车服务相关;汽车服务相关,原始类别未含充电站,2026-10-03T14:40:15Z,名称或类别线索，尚未人工核验
BV11476848,430900,新绿白马山充电站(公交站),430902,150700,交通设施服务;公交车站;公交车站相关,原始类别未含充电站,2026-10-03T14:40:16Z,名称或类别线索，尚未人工核验
B0JKS53W6Q,430900,汽车充电站(祁青站),430902,010000,汽车服务;汽车服务相关;汽车服务相关,原始类别未含充电站,2026-10-03T14:40:16Z,名称或类别线索，尚未人工核验
B0LKOGEPFB,430900,特斯拉超级充电站(益阳华天大酒店),430903,011103,汽车服务;充电站;专用充电站,原始类别为专用充电站，开放范围待核验,2026-10-03T14:40:19Z,名称或类别线索，尚未人工核验
B0I2H9CVSY,430900,特斯拉超级充电站(益阳佳宁娜国际酒店),430903,011103,汽车服务;充电站;专用充电站,原始类别为专用充电站，开放范围待核验,2026-10-03T14:40:19Z,名称或类别线索，尚未人工核验
B0FFLQA6F9,430900,天意木国充电站,430903,010000,汽车服务;汽车服务相关;汽车服务相关,原始类别未含充电站,2026-10-03T14:40:20Z,名称或类别线索，尚未人工核验
B0LDMAB5VB,430900,中国铁塔汽车充电站(湖南益阳海吉星农产品物流园充电站)(暂停营业),430903,011100,汽车服务;充电站;充电站,暂停营业,2026-10-03T14:40:20Z,名称或类别线索，尚未人工核验
BV09243404,430900,邓石桥充电站(公交站),430903,150700,交通设施服务;公交车站;公交车站相关,原始类别未含充电站,2026-10-03T14:40:22Z,名称或类别线索，尚未人工核验
B0L0J5GIM0,430900,能效邻里共享汽车充电站(国森印业能效充电桩),430903,011100,汽车服务;充电站;充电站,名称未明确车辆类型,2026-10-03T14:40:23Z,名称或类别线索，尚未人工核验
B0M657JEZ4,430900,国家电网充电站(益阳赫山衡龙桥供电所农服交流充电站),430903,070000,生活服务;生活服务场所;生活服务场所,原始类别未含充电站,2026-10-03T14:40:23Z,名称或类别线索，尚未人工核验
B0K307UUVF,430900,特来电目的地充电站(特来电益阳城投特来电公安高新分局充电站)(不对外开放),430903,011103,汽车服务;充电站;专用充电站,内部使用或限制开放；原始类别为专用充电站，开放范围待核验,2026-10-03T14:40:23Z,名称或类别线索，尚未人工核验
B0JK6CQJSI,430900,汽车充电站(金塘湖国家电网站)(暂停营业),430903,011100,汽车服务;充电站;充电站,暂停营业,2026-10-03T14:40:24Z,名称或类别线索，尚未人工核验
B0LUB9KEFP,430900,石化易电玉兰充电站,430903,090000,医疗保健服务;医疗保健服务场所;医疗保健服务场所,原始类别未含充电站,2026-10-03T14:40:24Z,名称或类别线索，尚未人工核验
B0MBY558J6,430900,能效邻里共享汽车充电站(充充电),430903,011100,汽车服务;充电站;充电站,名称未明确车辆类型,2026-10-03T14:40:24Z,名称或类别线索，尚未人工核验
B0L1N5W4TG,430900,能效邻里共享汽车充电站(辉达便利店能效充电桩),430921,011100,汽车服务;充电站;充电站,名称未明确车辆类型,2026-10-03T14:40:26Z,名称或类别线索，尚未人工核验
B0L13R7QCP,430900,南洲府共享充电桩,430921,011100,汽车服务;充电站;充电站,名称未明确车辆类型,2026-10-03T14:40:27Z,名称或类别线索，尚未人工核验
B0KKAZL5SQ,430900,汽车充电站(洗马湖能源站)(暂停营业),430921,011100,汽车服务;充电站;充电站,暂停营业,2026-10-03T14:40:27Z,名称或类别线索，尚未人工核验
B0JG350VJV,430900,国家电网汽车充电站(湖南省益阳市大通湖区北州镇政府有序)(暂停营业),430921,011100,汽车服务;充电站;充电站,暂停营业,2026-10-03T14:40:27Z,名称或类别线索，尚未人工核验
B0LKJS1RYY,430900,特来电汽车充电站(桃江县交通五中队充电站)(内部专用),430922,011103,汽车服务;充电站;专用充电站,内部使用或限制开放；原始类别为专用充电站，开放范围待核验,2026-10-03T14:40:29Z,名称或类别线索，尚未人工核验
B0MA95BT0M,430900,充电桩车享帮共享充电桩修山镇,430922,011100,汽车服务;充电站;充电站,名称未明确车辆类型,2026-10-03T14:40:31Z,名称或类别线索，尚未人工核验
B0J11L91T0,430900,云快充汽车充电站(桃江人民政府)(内部专用),430922,011100,汽车服务;充电站;充电站,内部使用或限制开放,2026-10-03T14:40:31Z,名称或类别线索，尚未人工核验
B0L2C5HJY6,430900,能效邻里共享汽车充电站(向华充电桩),430922,011100,汽车服务;充电站;充电站,名称未明确车辆类型,2026-10-03T14:40:32Z,名称或类别线索，尚未人工核验
B0MR6NYFR4,430900,乐充享汽车充电站(源生米业站),430922,011104,汽车服务;充电站;个人充电站,原始类别为个人充电站，开放范围待核验,2026-10-03T14:40:32Z,名称或类别线索，尚未人工核验
B0MAL17WOZ,430900,车享帮共享充电桩,430922,011100,汽车服务;充电站;充电站,名称未明确车辆类型,2026-10-03T14:40:32Z,名称或类别线索，尚未人工核验
B0MAGCZDL2,430900,电动车充电站,430923,011100,汽车服务;充电站;充电站,名称未明确车辆类型,2026-10-03T14:40:37Z,名称或类别线索，尚未人工核验
B0MBG42QD9,430900,云达汽车充电站(安化莲台村),430923,011104,汽车服务;充电站;个人充电站,原始类别为个人充电站，开放范围待核验,2026-10-03T14:40:38Z,名称或类别线索，尚未人工核验
B0LRV5KKTJ,430900,能效邻里共享汽车充电站(晓桥铺村天堂一组能效充电桩),430923,011100,汽车服务;充电站;充电站,名称未明确车辆类型,2026-10-03T14:40:38Z,名称或类别线索，尚未人工核验
B0MAJC3KG4,430900,能效邻里共享汽车充电站(453快递),430981,011100,汽车服务;充电站;充电站,名称未明确车辆类型,2026-10-03T14:40:39Z,名称或类别线索，尚未人工核验
B0K3J592DV,430900,能效邻里共享汽车充电站(超越),430981,011100,汽车服务;充电站;充电站,名称未明确车辆类型,2026-10-03T14:40:39Z,名称或类别线索，尚未人工核验
B0LUDM8UQA,430900,沅江市人民医院充电站,430981,070000,生活服务;生活服务场所;生活服务场所,原始类别未含充电站,2026-10-03T14:40:40Z,名称或类别线索，尚未人工核验
B0LUDS8W5P,430900,沅江市政府大院充电站,430981,070000,生活服务;生活服务场所;生活服务场所,原始类别未含充电站,2026-10-03T14:40:40Z,名称或类别线索，尚未人工核验
BV09219433,430900,南竹山充电站(公交站),430981,150700,交通设施服务;公交车站;公交车站相关,原始类别未含充电站,2026-10-03T14:40:40Z,名称或类别线索，尚未人工核验
B0HKFO4AJ4,431000,国家电网汽车充电站(郴州市政府东湾院充电站)(内部专用),431002,011100,汽车服务;充电站;充电站,内部使用或限制开放,2026-10-03T14:40:43Z,名称或类别线索，尚未人工核验
B0LAV57JMS,431000,能效邻里共享汽车充电站(湖上云居充电桩),431002,011100,汽车服务;充电站;充电站,名称未明确车辆类型,2026-10-03T14:40:44Z,名称或类别线索，尚未人工核验
B0MAGYYQ2M,431000,能效邻里共享汽车充电站(皮皮酒店国庆路店),431002,011100,汽车服务;充电站;充电站,名称未明确车辆类型,2026-10-03T14:40:45Z,名称或类别线索，尚未人工核验
B0L3F563NY,431000,能效邻里共享汽车充电站(浩枫温德姆酒店),431002,011100,汽车服务;充电站;充电站,名称未明确车辆类型,2026-10-03T14:40:45Z,名称或类别线索，尚未人工核验
B0LAT50X9A,431000,能效邻里共享汽车充电站(仰天湖星悦民宿能效充电桩),431002,011100,汽车服务;充电站;充电站,名称未明确车辆类型,2026-10-03T14:40:45Z,名称或类别线索，尚未人工核验
B0LB9AV3L0,431000,金伟充电站,431002,070000,生活服务;生活服务场所;生活服务场所,原始类别未含充电站,2026-10-03T14:40:46Z,名称或类别线索，尚未人工核验
B0MA6BKG0D,431000,闪联目的地充电站(郴州福城国际)(暂停营业),431002,011100,汽车服务;充电站;充电站,暂停营业,2026-10-03T14:40:46Z,名称或类别线索，尚未人工核验
B0MAGYYB4Y,431000,能效邻里共享汽车充电站(北湖路骏怡酒店),431002,011100,汽车服务;充电站;充电站,名称未明确车辆类型,2026-10-03T14:40:46Z,名称或类别线索，尚未人工核验
B0LAF5Z0RU,431000,能效邻里共享汽车充电站(仰天湖瑶山里民宿充电桩),431002,011100,汽车服务;充电站;充电站,名称未明确车辆类型,2026-10-03T14:40:47Z,名称或类别线索，尚未人工核验
B0LRJ5H8LN,431000,能效邻里共享汽车充电站(丽景民宿能效充电桩),431002,011100,汽车服务;充电站;充电站,名称未明确车辆类型,2026-10-03T14:40:47Z,名称或类别线索，尚未人工核验
B0M6CSTPMW,431000,蔚景云汽车充电站(小溪电动车充电站),431002,011100,汽车服务;充电站;充电站,名称未明确车辆类型,2026-10-03T14:40:47Z,名称或类别线索，尚未人工核验
B0MAGYY5PT,431000,能效邻里共享汽车充电站(北湖路皮皮漾酒店),431002,011100,汽车服务;充电站;充电站,名称未明确车辆类型,2026-10-03T14:40:48Z,名称或类别线索，尚未人工核验
B0L1N5X0RI,431000,能效邻里共享汽车充电站(仰天湖东峪.山居名宿能效共享充电桩),431002,011100,汽车服务;充电站;充电站,名称未明确车辆类型,2026-10-03T14:40:48Z,名称或类别线索，尚未人工核验
B0MA6BJTAP,431000,闪联目的地充电站(郴州拇指时代)(暂停营业),431002,011100,汽车服务;充电站;充电站,暂停营业,2026-10-03T14:40:48Z,名称或类别线索，尚未人工核验
B0L6YGHJHD,431000,滴滴充电汽车充电站(中核汇天郴州兴城路)(暂停营业),431002,011100,汽车服务;充电站;充电站,暂停营业,2026-10-03T14:40:48Z,名称或类别线索，尚未人工核验
B0MA6BJLPL,431000,闪联目的地充电站(郴州汇金时代)(暂停营业),431002,011100,汽车服务;充电站;充电站,暂停营业,2026-10-03T14:40:49Z,名称或类别线索，尚未人工核验
B0MU151SNR,431000,能效邻里共享汽车充电站(青青副食品能效充电桩),431002,011100,汽车服务;充电站;充电站,名称未明确车辆类型,2026-10-03T14:40:49Z,名称或类别线索，尚未人工核验
B0MA64KO0V,431000,闪联目的地充电站(郴州裕湘公馆)(暂停营业),431002,011100,汽车服务;充电站;充电站,暂停营业,2026-10-03T14:40:49Z,名称或类别线索，尚未人工核验
B0L295RYF4,431000,能效邻里共享汽车充电站(竹海酒店仰天湖店能效共享充电桩),431002,011100,汽车服务;充电站;充电站,名称未明确车辆类型,2026-10-03T14:40:49Z,名称或类别线索，尚未人工核验
B0MAGYXQPF,431000,能效邻里共享汽车充电站(金地皮皮酒店五岭广场店),431002,011100,汽车服务;充电站;充电站,名称未明确车辆类型,2026-10-03T14:40:49Z,名称或类别线索，尚未人工核验
B0L1451UC1,431000,能效邻里共享汽车充电站(仰天湖水岸边民宿能效充电桩),431002,011100,汽车服务;充电站;充电站,名称未明确车辆类型,2026-10-03T14:40:49Z,名称或类别线索，尚未人工核验
B0LK753Y5L,431000,能效邻里共享汽车充电站(金科郡负1楼A142充电桩),431002,011100,汽车服务;充电站;充电站,名称未明确车辆类型,2026-10-03T14:40:50Z,名称或类别线索，尚未人工核验
B0MUMUW160,431000,能效邻里共享汽车充电站(能效充电桩),431002,011100,汽车服务;充电站;充电站,名称未明确车辆类型,2026-10-03T14:40:50Z,名称或类别线索，尚未人工核验
B0MA6BKNXT,431000,闪联目的地充电站(郴州龙泉名都)(暂停营业),431002,011100,汽车服务;充电站;充电站,暂停营业,2026-10-03T14:40:50Z,名称或类别线索，尚未人工核验
B0L2T52QYF,431000,能效邻里共享汽车充电站(福城之家名宿能效共享充电桩),431002,011100,汽车服务;充电站;充电站,名称未明确车辆类型,2026-10-03T14:40:50Z,名称或类别线索，尚未人工核验
B0HGO6SGKR,431000,云快充汽车充电站(郴州得信)(暂停营业),431002,011100,汽车服务;充电站;充电站,暂停营业,2026-10-03T14:40:50Z,名称或类别线索，尚未人工核验
B0LAF5RQYW,431000,能效邻里共享汽车充电站(山涧有房民宿充电桩),431002,011100,汽车服务;充电站;充电站,名称未明确车辆类型,2026-10-03T14:40:50Z,名称或类别线索，尚未人工核验
B0HKTRKD90,431000,蔚来能源目的地充电站(已拆除郴州步步高新天地)(暂停营业),431002,011100,汽车服务;充电站;充电站,暂停营业；已拆除,2026-10-03T14:40:50Z,名称或类别线索，尚未人工核验
B0L2LOQ8X1,431000,能效邻里共享汽车充电站(长沙坪能效共享充电桩),431002,011100,汽车服务;充电站;充电站,名称未明确车辆类型,2026-10-03T14:40:50Z,名称或类别线索，尚未人工核验
B0MRNA6QWY,431000,中国铁塔汽车充电站(湖南郴州京伦酒店),431003,011103,汽车服务;充电站;专用充电站,原始类别为专用充电站，开放范围待核验,2026-10-03T14:40:51Z,名称或类别线索，尚未人工核验
B0IBRNN6IT,431000,国家电网汽车充电站(郴州市鹏洋汽车4S店)(内部专用),431003,011103,汽车服务;充电站;专用充电站,内部使用或限制开放；原始类别为专用充电站，开放范围待核验,2026-10-03T14:40:52Z,名称或类别线索，尚未人工核验
B0K30PV4LY,431000,云快充汽车充电站(郴州市苏仙区思科职教城充电站)(内部专用),431003,011103,汽车服务;充电站;专用充电站,内部使用或限制开放；原始类别为专用充电站，开放范围待核验,2026-10-03T14:40:54Z,名称或类别线索，尚未人工核验
B0M6CHTRHB,431000,铁炉冲社区二轮电动车充电站,431003,011100,汽车服务;充电站;充电站,名称未明确车辆类型,2026-10-03T14:40:54Z,名称或类别线索，尚未人工核验
B0K0BSRV4G,431000,东方新城充电站(装修中),431003,010000,汽车服务;汽车服务相关;汽车服务相关,装修或建设中；原始类别未含充电站,2026-10-03T14:40:54Z,名称或类别线索，尚未人工核验
B0MAGYXQOW,431000,能效邻里共享汽车充电站(皮皮酒店火车站店),431003,011100,汽车服务;充电站;充电站,名称未明确车辆类型,2026-10-03T14:40:54Z,名称或类别线索，尚未人工核验
B0MAGYXQQ0,431000,能效邻里共享汽车充电站(飞虹路皮皮漾酒店),431003,011100,汽车服务;充电站;充电站,名称未明确车辆类型,2026-10-03T14:40:54Z,名称或类别线索，尚未人工核验
B0MA64K0XK,431000,闪联目的地充电站(郴州皇庭悦景湾)(暂停营业),431003,011100,汽车服务;充电站;充电站,暂停营业,2026-10-03T14:40:55Z,名称或类别线索，尚未人工核验
B0MB36E7S3,431000,能效邻里共享汽车充电站(澳玛建材充电桩),431003,011100,汽车服务;充电站;充电站,名称未明确车辆类型,2026-10-03T14:40:56Z,名称或类别线索，尚未人工核验
B0L2M5Z8RU,431000,能效邻里共享汽车充电站(郴州江山一品能效共享充电桩),431003,011100,汽车服务;充电站;充电站,名称未明确车辆类型,2026-10-03T14:40:57Z,名称或类别线索，尚未人工核验
B0M6VHJ1DQ,431000,桂阳天鹅湖充电站,431021,170200,公司企业;公司;公司,原始类别未含充电站,2026-10-03T14:41:00Z,名称或类别线索，尚未人工核验
B0LU1AC2II,431000,桂阳鑫旺物流重卡充电站,431021,070000,生活服务;生活服务场所;生活服务场所,原始类别未含充电站,2026-10-03T14:41:01Z,名称或类别线索，尚未人工核验
B0J2JP4MI4,431000,国家电网汽车充电站郴州桂阳汽车北站(内部专用),431021,011103,汽车服务;充电站;专用充电站,内部使用或限制开放；原始类别为专用充电站，开放范围待核验,2026-10-03T14:41:02Z,名称或类别线索，尚未人工核验
B0MA6ULXEH,431000,云快充目的地充电站(小冲村7KW共享充电桩),431021,011100,汽车服务;充电站;充电站,名称未明确车辆类型,2026-10-03T14:41:02Z,名称或类别线索，尚未人工核验
B0MBH5IHQS,431000,能效邻里共享汽车充电站(车田大刘家充电站),431022,011100,汽车服务;充电站;充电站,名称未明确车辆类型,2026-10-03T14:41:04Z,名称或类别线索，尚未人工核验
B0L17599IK,431000,能效邻里共享汽车充电站(云水谣温泉民宿能效充电桩),431022,011100,汽车服务;充电站;充电站,名称未明确车辆类型,2026-10-03T14:41:04Z,名称或类别线索，尚未人工核验
B0L0B5V31H,431000,能效邻里共享汽车充电站(鑫御龙酒店能效充电桩),431022,011100,汽车服务;充电站;充电站,名称未明确车辆类型,2026-10-03T14:41:04Z,名称或类别线索，尚未人工核验
B0M6M5VIUR,431000,能效邻里共享汽车充电站(田园小苑民宿能效共享充电桩),431022,011100,汽车服务;充电站;充电站,名称未明确车辆类型,2026-10-03T14:41:04Z,名称或类别线索，尚未人工核验
B0KRAUDK7V,431000,汽车充电站(捷驰新能源充电站),431022,010000,汽车服务;汽车服务相关;汽车服务相关,原始类别未含充电站,2026-10-03T14:41:05Z,名称或类别线索，尚未人工核验
B0FFGK36UE,431000,国家电网汽车充电站(京港澳高速宜章服务区充电站港澳方向)(暂停营业),431022,011100,汽车服务;充电站;充电站,暂停营业,2026-10-03T14:41:06Z,名称或类别线索，尚未人工核验
B0L1FZWC9S,431000,星星充电汽车充电站(宜章中医院小车充电站)(暂停营业),431022,011100,汽车服务;充电站;充电站,暂停营业,2026-10-03T14:41:06Z,名称或类别线索，尚未人工核验
B0L2N5HI73,431000,能效邻里共享汽车充电站(山遇小院名宿能效共享充电桩),431022,011100,汽车服务;充电站;充电站,名称未明确车辆类型,2026-10-03T14:41:09Z,名称或类别线索，尚未人工核验
B0LAF5Z0RT,431000,能效邻里共享汽车充电站(鑫发超市),431023,011100,汽车服务;充电站;充电站,名称未明确车辆类型,2026-10-03T14:41:10Z,名称或类别线索，尚未人工核验
B0L0RB3SH2,431000,云快充目的地充电站(银都商业街私人车库共享充电桩),431023,011100,汽车服务;充电站;充电站,名称未明确车辆类型,2026-10-03T14:41:11Z,名称或类别线索，尚未人工核验
B0LKU5ZN41,431000,湘阴渡电动车充电站(金阳新能源),431023,011100,汽车服务;充电站;充电站,名称未明确车辆类型,2026-10-03T14:41:11Z,名称或类别线索，尚未人工核验
B0LKU5ZN46,431000,鲤鱼塘镇电动车充电站(金阳新能源),431023,011100,汽车服务;充电站;充电站,名称未明确车辆类型,2026-10-03T14:41:11Z,名称或类别线索，尚未人工核验
B0L04SX24Z,431000,星星充电汽车充电站(永兴贵研资源有限公司)(不对外开放),431023,011100,汽车服务;充电站;充电站,内部使用或限制开放,2026-10-03T14:41:12Z,名称或类别线索，尚未人工核验
B0L2ZC4CVV,431000,胡碑下安置区充电站(暂停营业),431023,011100,汽车服务;充电站;充电站,暂停营业,2026-10-03T14:41:12Z,名称或类别线索，尚未人工核验
B0L2Z53S46,431000,能效邻里共享汽车充电站(瑞森酒店能效共享充电桩),431024,011100,汽车服务;充电站;充电站,名称未明确车辆类型,2026-10-03T14:41:13Z,名称或类别线索，尚未人工核验
B0MAGYXY11,431000,能效邻里共享汽车充电站(嘉禾皇廷酒店),431024,011100,汽车服务;充电站;充电站,名称未明确车辆类型,2026-10-03T14:41:13Z,名称或类别线索，尚未人工核验
B0L1V5B2OE,431000,能效邻里共享汽车充电站(雷雷便民店能效共享充电桩),431024,011100,汽车服务;充电站;充电站,名称未明确车辆类型,2026-10-03T14:41:13Z,名称或类别线索，尚未人工核验
B0M6CMTODC,431000,能效邻里共享汽车充电站(能效佰祥酒店充电桩),431024,011100,汽车服务;充电站;充电站,名称未明确车辆类型,2026-10-03T14:41:13Z,名称或类别线索，尚未人工核验
B0MAGYXQPD,431000,能效邻里共享汽车充电站(嘉禾皮皮华府酒店),431024,011100,汽车服务;充电站;充电站,名称未明确车辆类型,2026-10-03T14:41:13Z,名称或类别线索，尚未人工核验
B0I2VZ4VL6,431000,云快充汽车充电站(嘉禾县白石电动汽车充电站),431024,011104,汽车服务;充电站;个人充电站,原始类别为个人充电站，开放范围待核验,2026-10-03T14:41:13Z,名称或类别线索，尚未人工核验
B0HA955ZVD,431000,国家电网汽车充电站(湖南省郴州市嘉禾县交流充电站),431024,011103,汽车服务;充电站;专用充电站,原始类别为专用充电站，开放范围待核验,2026-10-03T14:41:14Z,名称或类别线索，尚未人工核验
B0L0FD32QT,431000,能效邻里共享汽车充电站(能效充汽车电桩佰祥酒店式公寓),431024,011100,汽车服务;充电站;充电站,名称未明确车辆类型,2026-10-03T14:41:14Z,名称或类别线索，尚未人工核验
B0K0Z1ZFUC,431000,星星充电汽车充电站(郴州金伟光伏电力有限公司临武金煌新能源充电站项目)(不对外开放),431025,011103,汽车服务;充电站;专用充电站,内部使用或限制开放；原始类别为专用充电站，开放范围待核验,2026-10-03T14:41:15Z,名称或类别线索，尚未人工核验
B0MAGYYQ20,431000,能效邻里共享汽车充电站(临武县皮皮漾酒店),431025,011100,汽车服务;充电站;充电站,名称未明确车辆类型,2026-10-03T14:41:15Z,名称或类别线索，尚未人工核验
B0MRKZ32J9,431000,特来电汽车充电站(四家大院充电站),431025,011103,汽车服务;充电站;专用充电站,原始类别为专用充电站，开放范围待核验,2026-10-03T14:41:16Z,名称或类别线索，尚未人工核验
B0HGO6TAOX,431000,云快充汽车充电站(宏业科技园充电站),431025,011103,汽车服务;充电站;专用充电站,原始类别为专用充电站，开放范围待核验,2026-10-03T14:41:16Z,名称或类别线索，尚未人工核验
B0J2478KO3,431000,特斯拉超级充电站(郴州汝城君莲国际大酒店),431026,011103,汽车服务;充电站;专用充电站,原始类别为专用充电站，开放范围待核验,2026-10-03T14:41:18Z,名称或类别线索，尚未人工核验
B0JRBSOMST,431000,汝城县永顺汽车新能源汽车充电站,431026,010000,汽车服务;汽车服务相关;汽车服务相关,原始类别未含充电站,2026-10-03T14:41:20Z,名称或类别线索，尚未人工核验
B0L3HN7RFM,431000,云快充目的地充电站(国税家属区共享充电桩),431026,011100,汽车服务;充电站;充电站,名称未明确车辆类型,2026-10-03T14:41:20Z,名称或类别线索，尚未人工核验
B0JKU5JZ1V,431000,湖南省汝城县三江口瑶族中心村贺垅汽车充电桩(暂停营业),431026,011100,汽车服务;充电站;充电站,暂停营业,2026-10-03T14:41:20Z,名称或类别线索，尚未人工核验
B0KDHZII1J,431000,海晨慧驿汽车充电站(维也纳国际酒店汝城爱莲广场店)(装修中),431026,011100,汽车服务;充电站;充电站,装修或建设中,2026-10-03T14:41:20Z,名称或类别线索，尚未人工核验
B0L0Z5EVKA,431000,能效邻里共享汽车充电站(安仁县洋际乡白竹亭能效共享充电桩),431028,011100,汽车服务;充电站;充电站,名称未明确车辆类型,2026-10-03T14:41:24Z,名称或类别线索，尚未人工核验
B0HKN5QOQ7,431000,国家电网汽车充电站(湖南省郴州市安仁供电公司公共充电站)(暂停营业),431028,011100,汽车服务;充电站;充电站,暂停营业,2026-10-03T14:41:25Z,名称或类别线索，尚未人工核验
B0KGL700OB,431000,中核汇天安仁县算背村汽车充电站(暂停营业),431028,011100,汽车服务;充电站;充电站,暂停营业,2026-10-03T14:41:25Z,名称或类别线索，尚未人工核验
B0L2A51HHK,431000,能效邻里共享汽车充电站(璞屿汐上度假酒店能效充电桩),431081,011100,汽车服务;充电站;充电站,名称未明确车辆类型,2026-10-03T14:41:27Z,名称或类别线索，尚未人工核验
B0LRA50JRJ,431000,能效邻里共享汽车充电站(森林里营地能效充电桩),431081,011100,汽车服务;充电站;充电站,名称未明确车辆类型,2026-10-03T14:41:27Z,名称或类别线索，尚未人工核验
B0KDGAEBB1,431000,汽车充电站(九朵海昱光储充新能源车充电站),431081,170200,公司企业;公司;公司,原始类别未含充电站,2026-10-03T14:41:28Z,名称或类别线索，尚未人工核验
B0M651L3TZ,431000,充电站,431081,011103,汽车服务;充电站;专用充电站,原始类别为专用充电站，开放范围待核验,2026-10-03T14:41:28Z,名称或类别线索，尚未人工核验
B0I1NS52PY,431100,特斯拉超级充电站(永州太谷酒店),431102,011103,汽车服务;充电站;专用充电站,原始类别为专用充电站，开放范围待核验,2026-10-03T14:41:31Z,名称或类别线索，尚未人工核验
B0MAV16SAQ,431100,能效邻里共享汽车充电站(零陵古城C区停车场),431102,011100,汽车服务;充电站;充电站,名称未明确车辆类型,2026-10-03T14:41:33Z,名称或类别线索，尚未人工核验
B0L1R5C18U,431100,能效邻里共享汽车充电站(能效智能充电站零陵区商务局9栋站),431102,011100,汽车服务;充电站;充电站,名称未明确车辆类型,2026-10-03T14:41:33Z,名称或类别线索，尚未人工核验
B0FFK0A2LZ,431100,永州公交日升路汽车充电站,431102,010000,汽车服务;汽车服务相关;汽车服务相关,原始类别未含充电站,2026-10-03T14:41:33Z,名称或类别线索，尚未人工核验
B0LBO440MD,431100,潇湘能源集团汽车充电站(市柳子中学站)(内部专用),431102,011103,汽车服务;充电站;专用充电站,内部使用或限制开放；原始类别为专用充电站，开放范围待核验,2026-10-03T14:41:35Z,名称或类别线索，尚未人工核验
B0MAGYY5MV,431100,能效邻里共享汽车充电站(潇湘汽车城腾势汽车充电站),431102,011100,汽车服务;充电站;充电站,名称未明确车辆类型,2026-10-03T14:41:35Z,名称或类别线索，尚未人工核验
B0FFJTZMTG,431100,永州市公交公司充电站,431103,010000,汽车服务;汽车服务相关;汽车服务相关,原始类别未含充电站,2026-10-03T14:41:39Z,名称或类别线索，尚未人工核验
B0JK4HSAVZ,431100,汽车充电站(蔚来超充桩G55二广高速永州东),431103,010000,汽车服务;汽车服务相关;汽车服务相关,原始类别未含充电站,2026-10-03T14:41:40Z,名称或类别线索，尚未人工核验
B0LUHHFKC9,431100,华自冷水滩上岭桥镇政府充电站,431103,070000,生活服务;生活服务场所;生活服务场所,原始类别未含充电站,2026-10-03T14:41:41Z,名称或类别线索，尚未人工核验
B0LRBSNTEZ,431100,云快充超级充电站(嘉途重卡充电站)(暂停营业),431103,011100,汽车服务;充电站;充电站,暂停营业,2026-10-03T14:41:41Z,名称或类别线索，尚未人工核验
B0MAGYXQM3,431100,能效邻里共享汽车充电站(比亚迪汽车潇湘大道充电站),431103,011100,汽车服务;充电站;充电站,名称未明确车辆类型,2026-10-03T14:41:42Z,名称或类别线索，尚未人工核验
B0L0T495UU,431100,中国石化汽车充电站(茶林充电站),431123,011104,汽车服务;充电站;个人充电站,原始类别为个人充电站，开放范围待核验,2026-10-03T14:41:47Z,名称或类别线索，尚未人工核验
B0L3NUD8BK,431100,共享充电桩,431123,011100,汽车服务;充电站;充电站,名称未明确车辆类型,2026-10-03T14:41:48Z,名称或类别线索，尚未人工核验
B0KDUH3KXL,431100,汽车充电站(星星充电TTST坦途二广阳明山酒家站),431123,010000,汽车服务;汽车服务相关;汽车服务相关,原始类别未含充电站,2026-10-03T14:41:48Z,名称或类别线索，尚未人工核验
B0M61PFI8U,431100,京能汽车充电站(道县昌桦重卡充电桩),431124,011104,汽车服务;充电站;个人充电站,原始类别为个人充电站，开放范围待核验,2026-10-03T14:41:49Z,名称或类别线索，尚未人工核验
B0LUC5X259,431100,能效邻里共享汽车充电站(东江脚电动汽车充电站),431124,011100,汽车服务;充电站;充电站,名称未明确车辆类型,2026-10-03T14:41:50Z,名称或类别线索，尚未人工核验
B0L1RB9Y0R,431100,云快充目的地充电站(湖南省道县佳成大酒店能效智能充电站),431124,011103,汽车服务;充电站;专用充电站,原始类别为专用充电站，开放范围待核验,2026-10-03T14:41:51Z,名称或类别线索，尚未人工核验
B0MAGYYQ2R,431100,能效邻里共享汽车充电站(南峰山村党群服务中心),431125,011100,汽车服务;充电站;充电站,名称未明确车辆类型,2026-10-03T14:41:53Z,名称或类别线索，尚未人工核验
B0LUSS3YPY,431100,安诺新能源陈家街充电站,431125,090000,医疗保健服务;医疗保健服务场所;医疗保健服务场所,原始类别未含充电站,2026-10-03T14:41:53Z,名称或类别线索，尚未人工核验
B0LUDHAB6T,431100,安诺新能源人民政府市民广场充电站,431125,070000,生活服务;生活服务场所;生活服务场所,原始类别未含充电站,2026-10-03T14:41:53Z,名称或类别线索，尚未人工核验
B0LU5LPSCI,431100,华自宁远客运总站重卡充电站,431126,070000,生活服务;生活服务场所;生活服务场所,原始类别未含充电站,2026-10-03T14:41:57Z,名称或类别线索，尚未人工核验
B0LUVXENAH,431100,云快充目的地充电站(世纪汇西门自建房),431126,011104,汽车服务;充电站;个人充电站,原始类别为个人充电站，开放范围待核验,2026-10-03T14:41:57Z,名称或类别线索，尚未人工核验
B0HBNZVWID,431100,宁远县城北新能源汽车充电站,431126,010000,汽车服务;汽车服务相关;汽车服务相关,原始类别未含充电站,2026-10-03T14:41:58Z,名称或类别线索，尚未人工核验
B0L3F44A97,431100,世动云充汽车充电站(世动云充永州宁远县神下村充电站)(暂停营业),431126,011100,汽车服务;充电站;充电站,暂停营业,2026-10-03T14:41:58Z,名称或类别线索，尚未人工核验
B0LUVGDRFI,431100,昭澜24号汽车充电站(大路铺永阳),431129,011104,汽车服务;充电站;个人充电站,原始类别为个人充电站，开放范围待核验,2026-10-03T14:42:05Z,名称或类别线索，尚未人工核验
B0L0VAIH7M,431100,云快充汽车充电站(江华瑶族自治县李莹种植家庭农场)(暂停营业),431129,011100,汽车服务;充电站;充电站,暂停营业,2026-10-03T14:42:06Z,名称或类别线索，尚未人工核验
B0L3F55AGY,431100,能效邻里共享汽车充电站(方正证券后门服务站),431181,011100,汽车服务;充电站;充电站,名称未明确车辆类型,2026-10-03T14:42:08Z,名称或类别线索，尚未人工核验
B0L6H59921,431100,能效邻里共享汽车充电站(能效充电桩),431181,011100,汽车服务;充电站;充电站,名称未明确车辆类型,2026-10-03T14:42:09Z,名称或类别线索，尚未人工核验
B0LUTU57XM,431100,白水重卡充电站,431181,070000,生活服务;生活服务场所;生活服务场所,原始类别未含充电站,2026-10-03T14:42:09Z,名称或类别线索，尚未人工核验
B0LKUCYA8C,431100,新电途汽车充电站(祁阳长鑫建材充电站)(内部专用),431181,011103,汽车服务;充电站;专用充电站,内部使用或限制开放；原始类别为专用充电站，开放范围待核验,2026-10-03T14:42:09Z,名称或类别线索，尚未人工核验
B0M2NAYRFE,431200,中国铁塔汽车充电站(铁塔-鹤城-医药学院锦溪校区充电)(不对外开放),431202,011103,汽车服务;充电站;专用充电站,内部使用或限制开放；原始类别为专用充电站，开放范围待核验,2026-10-03T14:42:14Z,名称或类别线索，尚未人工核验
B0LU2RR36J,431200,华自怀化鹤城天星华府充电站,431202,070000,生活服务;生活服务场所;生活服务场所,原始类别未含充电站,2026-10-03T14:42:16Z,名称或类别线索，尚未人工核验
B0M2NAYOKN,431200,中国铁塔汽车充电站(铁塔-鹤城-医药学院新校区医萃楼),431202,011103,汽车服务;充电站;专用充电站,原始类别为专用充电站，开放范围待核验,2026-10-03T14:42:16Z,名称或类别线索，尚未人工核验
B0LKRR6S6I,431200,能效邻里共享汽车充电站(宏宇新城剑桥名门3栋能效充电桩),431202,011100,汽车服务;充电站;充电站,名称未明确车辆类型,2026-10-03T14:42:16Z,名称或类别线索，尚未人工核验
B0MDK1DTOP,431200,充电站(经投新能源人民公园光储充示范站),431202,170200,公司企业;公司;公司,原始类别未含充电站,2026-10-03T14:42:16Z,名称或类别线索，尚未人工核验
B0L1P56NJ9,431200,能效邻里共享汽车充电站(大汉龙城旺龙府),431202,011100,汽车服务;充电站;充电站,名称未明确车辆类型,2026-10-03T14:42:16Z,名称或类别线索，尚未人工核验
B0L3S53BL2,431200,能效邻里共享汽车充电站(柏曼酒店),431202,011100,汽车服务;充电站;充电站,名称未明确车辆类型,2026-10-03T14:42:17Z,名称或类别线索，尚未人工核验
B0JR9SEK5L,431200,湖南怀化国速新能源河西充电站,431202,010000,汽车服务;汽车服务相关;汽车服务相关,原始类别未含充电站,2026-10-03T14:42:17Z,名称或类别线索，尚未人工核验
B0MAFDT63B,431200,能效邻里共享汽车充电站(怀化蓝天服务站),431202,011100,汽车服务;充电站;充电站,名称未明确车辆类型,2026-10-03T14:42:18Z,名称或类别线索，尚未人工核验
B0MRNU7EA1,431200,保约共享充电桩,431202,011100,汽车服务;充电站;充电站,名称未明确车辆类型,2026-10-03T14:42:18Z,名称或类别线索，尚未人工核验
B0LR7RJR7P,431200,中科智充汽车充电站(怀化市民政局停车场充电站),431202,010000,汽车服务;汽车服务相关;汽车服务相关,原始类别未含充电站,2026-10-03T14:42:18Z,名称或类别线索，尚未人工核验
B0LR7RJR8F,431200,中科智充汽车充电站(怀化市检察院停车场充电站),431202,010000,汽车服务;汽车服务相关;汽车服务相关,原始类别未含充电站,2026-10-03T14:42:18Z,名称或类别线索，尚未人工核验
BV11463326,431200,中方充电站(公交站),431221,150700,交通设施服务;公交车站;公交车站相关,原始类别未含充电站,2026-10-03T14:42:20Z,名称或类别线索，尚未人工核验
B0LDR5GAH6,431200,能效邻里共享汽车充电站(铜鼓能效T40S快充),431222,011100,汽车服务;充电站;充电站,名称未明确车辆类型,2026-10-03T14:42:21Z,名称或类别线索，尚未人工核验
B0L0H5QFUG,431200,能效邻里共享汽车充电站(维也纳酒店),431222,011100,汽车服务;充电站;充电站,名称未明确车辆类型,2026-10-03T14:42:21Z,名称或类别线索，尚未人工核验
B0MUZO925H,431200,电动车充电站添添充,431222,011100,汽车服务;充电站;充电站,名称未明确车辆类型,2026-10-03T14:42:22Z,名称或类别线索，尚未人工核验
B0MAGYXY07,431200,能效邻里共享汽车充电站(煤炭湾户外充电桩),431223,011100,汽车服务;充电站;充电站,名称未明确车辆类型,2026-10-03T14:42:24Z,名称或类别线索，尚未人工核验
B0K03KPURY,431200,国家电网汽车充电站(国网怀化市辰溪县火马冲供电所交流交流公共充电站)(装修中),431223,011100,汽车服务;充电站;充电站,装修或建设中,2026-10-03T14:42:25Z,名称或类别线索，尚未人工核验
B0IDU9MKP5,431200,星星充电汽车充电站(溆浦城北汽车站充电站)(不对外开放),431224,011103,汽车服务;充电站;专用充电站,内部使用或限制开放；原始类别为专用充电站，开放范围待核验,2026-10-03T14:42:27Z,名称或类别线索，尚未人工核验
B0L0V5HZ3K,431200,能效邻里共享汽车充电站(维也纳酒店溆浦万达广场店),431224,011100,汽车服务;充电站;充电站,名称未明确车辆类型,2026-10-03T14:42:27Z,名称或类别线索，尚未人工核验
B0GU7CFCQZ,431200,云快充汽车充电站(世强九紫新能源充电站),431224,170000,公司企业;公司企业;公司企业,原始类别未含充电站,2026-10-03T14:42:29Z,名称或类别线索，尚未人工核验
B0HKBLXXXV,431200,国家电网溆浦溆城供电营业厅汽车充电站(暂停营业),431224,011100,汽车服务;充电站;充电站,暂停营业,2026-10-03T14:42:29Z,名称或类别线索，尚未人工核验
B0L04KVOVA,431200,众鑫能源大型充电站,431226,010000,汽车服务;汽车服务相关;汽车服务相关,原始类别未含充电站,2026-10-03T14:42:33Z,名称或类别线索，尚未人工核验
B0K03K1V17,431200,国家电网汽车充电站(怀化市麻阳县兰里镇政府交流充电站)(暂停营业),431226,011100,汽车服务;充电站;充电站,暂停营业,2026-10-03T14:42:33Z,名称或类别线索，尚未人工核验
B0L0P50EY3,431200,能效邻里共享汽车充电站(维也纳酒店),431228,011100,汽车服务;充电站;充电站,名称未明确车辆类型,2026-10-03T14:42:35Z,名称或类别线索，尚未人工核验
B0L3T58FFF,431200,能效邻里共享汽车充电站(和平国际酒店),431228,011100,汽车服务;充电站;充电站,名称未明确车辆类型,2026-10-03T14:42:35Z,名称或类别线索，尚未人工核验
B0IUDDINL6,431200,星星充电汽车充电站(芷江汽车站)(内部专用),431228,011103,汽车服务;充电站;专用充电站,内部使用或限制开放；原始类别为专用充电站，开放范围待核验,2026-10-03T14:42:35Z,名称或类别线索，尚未人工核验
B0MA6ULAIM,431200,云快充目的地充电站(怀化靖州塘湖充电桩)(暂停营业),431229,011100,汽车服务;充电站;充电站,暂停营业,2026-10-03T14:42:38Z,名称或类别线索，尚未人工核验
B0HAOCKEN5,431200,通道直通车汽车充电站,431230,010000,汽车服务;汽车服务相关;汽车服务相关,原始类别未含充电站,2026-10-03T14:42:39Z,名称或类别线索，尚未人工核验
B0KGYPFGY8,431200,驴充充汽车充电站(万佛山镇社区充电站)(内部专用),431230,011103,汽车服务;充电站;专用充电站,内部使用或限制开放；原始类别为专用充电站，开放范围待核验,2026-10-03T14:42:39Z,名称或类别线索，尚未人工核验
B0LR7AHJXZ,431200,中国铁塔汽车充电站(铁塔-洪江区-政府大院充电站)(暂停营业),431281,011100,汽车服务;充电站;充电站,暂停营业,2026-10-03T14:42:42Z,名称或类别线索，尚未人工核验
B0MB56JF2S,431200,海康威视充电站(暂停营业),431281,011100,汽车服务;充电站;充电站,暂停营业,2026-10-03T14:42:42Z,名称或类别线索，尚未人工核验
B0MRNA6XBH,431300,中国铁塔汽车充电站(湖南娄底人文产业产教楼充电站),431302,011103,汽车服务;充电站;专用充电站,原始类别为专用充电站，开放范围待核验,2026-10-03T14:42:44Z,名称或类别线索，尚未人工核验
B0I1NS8UUM,431300,特斯拉超级充电站(湖南娄底吉浦游乐园),431302,011103,汽车服务;充电站;专用充电站,原始类别为专用充电站，开放范围待核验,2026-10-03T14:42:44Z,名称或类别线索，尚未人工核验
B0MR0AG8EK,431300,中国铁塔汽车充电站(湖南娄底江溪安置房充电站),431302,011103,汽车服务;充电站;专用充电站,原始类别为专用充电站，开放范围待核验,2026-10-03T14:42:44Z,名称或类别线索，尚未人工核验
B0MGSALR3O,431300,中国铁塔汽车充电站(湖南娄底职业技术学院充电站)(不对外开放),431302,011103,汽车服务;充电站;专用充电站,内部使用或限制开放；原始类别为专用充电站，开放范围待核验,2026-10-03T14:42:45Z,名称或类别线索，尚未人工核验
B0LKKZN867,431300,特来电汽车充电站(娄底金源物流充换电项目一期),431302,011100,汽车服务;充电站;充电站,两轮或换电相关名称,2026-10-03T14:42:46Z,名称或类别线索，尚未人工核验
B0LUG5EAXI,431300,中国石化万宝镇充电站,431302,070000,生活服务;生活服务场所;生活服务场所,原始类别未含充电站,2026-10-03T14:42:47Z,名称或类别线索，尚未人工核验
B0MRNA6QXG,431300,中国铁塔汽车充电站(湖南娄底人文实训楼充电站)(暂停营业),431302,011103,汽车服务;充电站;专用充电站,暂停营业；原始类别为专用充电站，开放范围待核验,2026-10-03T14:42:48Z,名称或类别线索，尚未人工核验
B0LU4DMDSY,431300,涟钢物流1580充电站,431302,070000,生活服务;生活服务场所;生活服务场所,原始类别未含充电站,2026-10-03T14:42:49Z,名称或类别线索，尚未人工核验
B0L2D58CMH,431300,能效邻里共享汽车充电站(0169充电站),431302,011100,汽车服务;充电站;充电站,名称未明确车辆类型,2026-10-03T14:42:49Z,名称或类别线索，尚未人工核验
B0L375LDDP,431300,能效邻里共享汽车充电站(上汽大众娄底旺德站),431302,011100,汽车服务;充电站;充电站,名称未明确车辆类型,2026-10-03T14:42:51Z,名称或类别线索，尚未人工核验
B0M279LC7X,431300,云快充汽车充电站(金湾充电站),431302,011104,汽车服务;充电站;个人充电站,原始类别为个人充电站，开放范围待核验,2026-10-03T14:42:51Z,名称或类别线索，尚未人工核验
B0L2AK135E,431300,星星充电汽车充电站(临时下线湘中大道充电站)(暂停营业),431302,011100,汽车服务;充电站;充电站,暂停营业,2026-10-03T14:42:51Z,名称或类别线索，尚未人工核验
B0LUL56WAS,431300,涟钢物流充电站(经开区),431302,070000,生活服务;生活服务场所;生活服务场所,原始类别未含充电站,2026-10-03T14:42:51Z,名称或类别线索，尚未人工核验
B0LKF5TNSP,431300,能效邻里共享汽车充电站(杏子铺镇人民政府充电站),431321,011100,汽车服务;充电站;充电站,名称未明确车辆类型,2026-10-03T14:42:52Z,名称或类别线索，尚未人工核验
B0M6P5LN0L,431300,能效邻里共享汽车充电站(测水坳上充电站),431321,011100,汽车服务;充电站;充电站,名称未明确车辆类型,2026-10-03T14:42:53Z,名称或类别线索，尚未人工核验
B0L1D5U2PJ,431300,能效邻里共享汽车充电站(印塘开发区充电站),431321,011100,汽车服务;充电站;充电站,名称未明确车辆类型,2026-10-03T14:42:53Z,名称或类别线索，尚未人工核验
B0MUH5OVFH,431300,能效邻里共享汽车充电站(观山园B1层786车位),431321,011100,汽车服务;充电站;充电站,名称未明确车辆类型,2026-10-03T14:42:53Z,名称或类别线索，尚未人工核验
B0HBL5B6Y9,431300,泥溪电动车充电站,431321,011100,汽车服务;充电站;充电站,名称未明确车辆类型,2026-10-03T14:42:54Z,名称或类别线索，尚未人工核验
B0LKCM1BMA,431300,特来电汽车充电站(双峰县城乡投三塘铺镇政府停车场充电站)(暂停营业),431321,011100,汽车服务;充电站;充电站,暂停营业,2026-10-03T14:42:55Z,名称或类别线索，尚未人工核验
B0LRR5K34B,431300,能效邻里共享汽车充电站(东风日产双峰店充电桩),431321,011100,汽车服务;充电站;充电站,名称未明确车辆类型,2026-10-03T14:42:55Z,名称或类别线索，尚未人工核验
B0KR7GIQV2,431300,驴充充汽车充电站(欧源村村民委员会)(暂停营业),431321,011100,汽车服务;充电站;充电站,暂停营业,2026-10-03T14:42:55Z,名称或类别线索，尚未人工核验
B0MRNA735K,431300,中国铁塔汽车充电站(湖南娄底新化山水酒店充电站),431322,011103,汽车服务;充电站;专用充电站,原始类别为专用充电站，开放范围待核验,2026-10-03T14:42:56Z,名称或类别线索，尚未人工核验
B0MGXRYFG5,431300,汽车充电站(中岚快充车田江电动车充电站),431322,011100,汽车服务;充电站;充电站,名称未明确车辆类型,2026-10-03T14:42:56Z,名称或类别线索，尚未人工核验
B0LDJ5Q6J7,431300,充电站,431322,070000,生活服务;生活服务场所;生活服务场所,原始类别未含充电站,2026-10-03T14:42:58Z,名称或类别线索，尚未人工核验
B0LAODBVSJ,431300,云快充目的地充电站(陈家小苑充电站),431322,011103,汽车服务;充电站;专用充电站,原始类别为专用充电站，开放范围待核验,2026-10-03T14:43:03Z,名称或类别线索，尚未人工核验
B0LK5MRUAX,431300,新电途汽车充电站(冲啊充冷水江汇美畔山公馆“光储充”充电站(内部专用),431381,011100,汽车服务;充电站;充电站,内部使用或限制开放,2026-10-03T14:43:04Z,名称或类别线索，尚未人工核验
B0LRR5L0RL,431300,能效邻里共享汽车充电站(佰优精选酒店充电桩),431381,011100,汽车服务;充电站;充电站,名称未明确车辆类型,2026-10-03T14:43:05Z,名称或类别线索，尚未人工核验
B0MANNPF2A,431300,公牛充电汽车充电站(-全盛包装材料有限公司共享充电桩),431381,011100,汽车服务;充电站;充电站,名称未明确车辆类型,2026-10-03T14:43:05Z,名称或类别线索，尚未人工核验
B0L1DRV23P,431300,金耀快充电站,431381,170200,公司企业;公司;公司,原始类别未含充电站,2026-10-03T14:43:06Z,名称或类别线索，尚未人工核验
B0L6DL9V62,431300,广州蔚星汽车充电站(娄底幼专充电站)(内部专用),431381,011103,汽车服务;充电站;专用充电站,内部使用或限制开放；原始类别为专用充电站，开放范围待核验,2026-10-03T14:43:06Z,名称或类别线索，尚未人工核验
B0H2T4O9RD,431300,冷水江市公安局交通警察大队充电站,431381,130000,政府机构及社会团体;政府及社会团体相关;政府及社会团体相关,原始类别未含充电站,2026-10-03T14:43:06Z,名称或类别线索，尚未人工核验
B0MGSAMAOI,431300,中国铁塔汽车充电站(湖南娄底涟源粮油市场汽车充电站),431382,011103,汽车服务;充电站;专用充电站,原始类别为专用充电站，开放范围待核验,2026-10-03T14:43:07Z,名称或类别线索，尚未人工核验
B0MRNA6QXK,431300,中国铁塔汽车充电站(湖南娄底涟源市环保局充电站),431382,011103,汽车服务;充电站;专用充电站,原始类别为专用充电站，开放范围待核验,2026-10-03T14:43:07Z,名称或类别线索，尚未人工核验
B0MRNA6XBQ,431300,中国铁塔汽车充电站(湖南省娄底市涟源科工局充电站),431382,011103,汽车服务;充电站;专用充电站,原始类别为专用充电站，开放范围待核验,2026-10-03T14:43:08Z,名称或类别线索，尚未人工核验
B0M2NAYXU3,431300,中国铁塔汽车充电站(娄底涟源市烟草局充电站),431382,011103,汽车服务;充电站;专用充电站,原始类别为专用充电站，开放范围待核验,2026-10-03T14:43:08Z,名称或类别线索，尚未人工核验
B0MGX4XA8G,431300,中国石化汽车充电站(人民法院停车场充电站)(内部专用),431382,011103,汽车服务;充电站;专用充电站,内部使用或限制开放；原始类别为专用充电站，开放范围待核验,2026-10-03T14:43:08Z,名称或类别线索，尚未人工核验
B0J0PD8DSW,431300,白马服务区湖南景合新能源汽车充电站(二连浩特方向)(暂停营业),431382,011100,汽车服务;充电站;充电站,暂停营业,2026-10-03T14:43:10Z,名称或类别线索，尚未人工核验
B0JB6AB3SJ,431300,白马服务区电动汽车充电站(暂停营业),431382,011100,汽车服务;充电站;充电站,暂停营业,2026-10-03T14:43:10Z,名称或类别线索，尚未人工核验
B0LGDS8ZMX,431300,云快充汽车充电站(二广高速白马服务区充电桩东站)(暂停营业),431382,011100,汽车服务;充电站;充电站,暂停营业,2026-10-03T14:43:10Z,名称或类别线索，尚未人工核验
B0LUPDYW6T,431300,云快充汽车充电站(二广高速白马服务区西站充电站)(暂停营业),431382,011100,汽车服务;充电站;充电站,暂停营业,2026-10-03T14:43:10Z,名称或类别线索，尚未人工核验
B0MAGYYB5Y,433100,能效邻里共享汽车充电站(能效充电站),433101,011100,汽车服务;充电站;充电站,名称未明确车辆类型,2026-10-03T14:43:14Z,名称或类别线索，尚未人工核验
BV09355328,433100,棒棒坳公交充电站(公交站),433101,150700,交通设施服务;公交车站;公交车站相关,原始类别未含充电站,2026-10-03T14:43:15Z,名称或类别线索，尚未人工核验
B0LA7RWDLO,433100,国家电网汽车充电站(湘西吉首文艺路公共充电站)(暂停营业),433101,011100,汽车服务;充电站;充电站,暂停营业,2026-10-03T14:43:16Z,名称或类别线索，尚未人工核验
B0I6VH7Z9B,433100,云快充汽车充电站(SJ吉首市人民银行老院),433101,011103,汽车服务;充电站;专用充电站,原始类别为专用充电站，开放范围待核验,2026-10-03T14:43:16Z,名称或类别线索，尚未人工核验
B0MD55VPLL,433100,能效邻里共享汽车充电站(凤凰堂舍见山酒店),433123,011100,汽车服务;充电站;充电站,名称未明确车辆类型,2026-10-03T14:43:19Z,名称或类别线索，尚未人工核验
B0LRX5YMAY,433100,能效邻里共享汽车充电站(锦绣凤凰充电站),433123,011100,汽车服务;充电站;充电站,名称未明确车辆类型,2026-10-03T14:43:20Z,名称或类别线索，尚未人工核验
B0K6AHOXVL,433100,凤凰公交电动车充电站,433123,011100,汽车服务;充电站;充电站,名称未明确车辆类型,2026-10-03T14:43:20Z,名称或类别线索，尚未人工核验
B0KU6YUYXX,433100,汽车充电站(华自充电凤凰土桥垅站),433123,010000,汽车服务;汽车服务相关;汽车服务相关,原始类别未含充电站,2026-10-03T14:43:20Z,名称或类别线索，尚未人工核验
B0LUZ5Q3QV,433100,能效邻里共享汽车充电站(慕茗轩民宿能效充电桩),433124,011100,汽车服务;充电站;充电站,名称未明确车辆类型,2026-10-03T14:43:22Z,名称或类别线索，尚未人工核验
B0L295RQN2,433100,能效邻里共享汽车充电站(三姐停车场),433124,011100,汽车服务;充电站;充电站,名称未明确车辆类型,2026-10-03T14:43:22Z,名称或类别线索，尚未人工核验
B0LG0562GS,433100,能效邻里共享汽车充电站(能效充电桩),433124,011100,汽车服务;充电站;充电站,名称未明确车辆类型,2026-10-03T14:43:22Z,名称或类别线索，尚未人工核验
B0L295RJ2Y,433100,能效邻里共享汽车充电站(心庭港湾),433124,011100,汽车服务;充电站;充电站,名称未明确车辆类型,2026-10-03T14:43:22Z,名称或类别线索，尚未人工核验
B0M6H5BEYV,433100,能效邻里共享汽车充电站(寻见同兴園民宿),433124,011100,汽车服务;充电站;充电站,名称未明确车辆类型,2026-10-03T14:43:22Z,名称或类别线索，尚未人工核验
B0L1758FJ7,433100,能效邻里共享汽车充电站(兰家小院),433124,011100,汽车服务;充电站;充电站,名称未明确车辆类型,2026-10-03T14:43:22Z,名称或类别线索，尚未人工核验
B0L2354O4W,433100,能效邻里共享汽车充电站(勇刚停车场),433124,011100,汽车服务;充电站;充电站,名称未明确车辆类型,2026-10-03T14:43:22Z,名称或类别线索，尚未人工核验
B0K254QSTE,433100,京能汽车充电站(云电建一充电站),433127,011104,汽车服务;充电站;个人充电站,原始类别为个人充电站，开放范围待核验,2026-10-03T14:43:27Z,名称或类别线索，尚未人工核验
B0MAGYYIT2,433100,能效邻里共享汽车充电站(塔卧镇红旅营宿充电站),433127,011100,汽车服务;充电站;充电站,名称未明确车辆类型,2026-10-03T14:43:28Z,名称或类别线索，尚未人工核验
B0MAGYYQ0W,433100,能效邻里共享汽车充电站(云龙停车),433127,011100,汽车服务;充电站;充电站,名称未明确车辆类型,2026-10-03T14:43:28Z,名称或类别线索，尚未人工核验
B0L61B8DMC,433100,云快充目的地充电站(湾湾民宿充电站),433127,011103,汽车服务;充电站;专用充电站,原始类别为专用充电站，开放范围待核验,2026-10-03T14:43:29Z,名称或类别线索，尚未人工核验
B0MBKYPGC8,433100,云快充目的地充电站(天泉客栈惠然楼充电站),433127,011103,汽车服务;充电站;专用充电站,原始类别为专用充电站，开放范围待核验,2026-10-03T14:43:29Z,名称或类别线索，尚未人工核验
B0MUT7LCIZ,433100,云快充目的地充电站(腾博/寻忆民宿充电站),433127,011103,汽车服务;充电站;专用充电站,原始类别为专用充电站，开放范围待核验,2026-10-03T14:43:29Z,名称或类别线索，尚未人工核验
B0MBX5YS5S,433100,能效邻里共享汽车充电站(菲漫小院),433130,011100,汽车服务;充电站;充电站,名称未明确车辆类型,2026-10-03T14:43:31Z,名称或类别线索，尚未人工核验
B0LGJ7RSA0,433100,特来电目的地充电站(龙山县特来电土城坝充电站),433130,011103,汽车服务;充电站;专用充电站,原始类别为专用充电站，开放范围待核验,2026-10-03T14:43:32Z,名称或类别线索，尚未人工核验
B0LR05MGHW,433100,特来电目的地充电站(龙山县特来电芙蓉锦城充电站),433130,011103,汽车服务;充电站;专用充电站,原始类别为专用充电站，开放范围待核验,2026-10-03T14:43:32Z,名称或类别线索，尚未人工核验
B0LAYX0DKM,433100,特来电目的地充电站(龙山县特来电第一职业中学充电站),433130,011103,汽车服务;充电站;专用充电站,原始类别为专用充电站，开放范围待核验,2026-10-03T14:43:32Z,名称或类别线索，尚未人工核验
B0MUUHX10D,433100,特来电目的地充电站(龙山县特来电和顺家园充电站),433130,011103,汽车服务;充电站;专用充电站,原始类别为专用充电站，开放范围待核验,2026-10-03T14:43:32Z,名称或类别线索，尚未人工核验
B0LRUXDNCR,433100,特来电目的地充电站(龙山县特来电状元府充电站),433130,011103,汽车服务;充电站;专用充电站,原始类别为专用充电站，开放范围待核验,2026-10-03T14:43:32Z,名称或类别线索，尚未人工核验
B0LR0UMMCW,433100,特来电汽车充电站(龙山县特来电御龙东方充电站),433130,011103,汽车服务;充电站;专用充电站,原始类别为专用充电站，开放范围待核验,2026-10-03T14:43:32Z,名称或类别线索，尚未人工核验
B0LG1X3WE5,433100,特来电目的地充电站(龙山县幸福家园二期充电站),433130,011103,汽车服务;充电站;专用充电站,原始类别为专用充电站，开放范围待核验,2026-10-03T14:43:32Z,名称或类别线索，尚未人工核验
B0LU77YYYP,433100,特来电目的地充电站(龙山县特来电移动公司充电站),433130,011103,汽车服务;充电站;专用充电站,原始类别为专用充电站，开放范围待核验,2026-10-03T14:43:32Z,名称或类别线索，尚未人工核验
B0L1R4ADV9,433100,特来电目的地充电站(龙山县特来电幸福家园一期充电站),433130,011103,汽车服务;充电站;专用充电站,原始类别为专用充电站，开放范围待核验,2026-10-03T14:43:32Z,名称或类别线索，尚未人工核验
B0LRZG1EQI,433100,特来电目的地充电站(龙山县特来电诚信华府充电站),433130,011103,汽车服务;充电站;专用充电站,原始类别为专用充电站，开放范围待核验,2026-10-03T14:43:32Z,名称或类别线索，尚未人工核验
B0LR0UMSON,433100,特来电目的地充电站(龙山县特来电龙凤商居城充电站),433130,011103,汽车服务;充电站;专用充电站,原始类别为专用充电站，开放范围待核验,2026-10-03T14:43:32Z,名称或类别线索，尚未人工核验
B0LR0UM8VD,433100,特来电目的地充电站(龙山县特来电诚信华府二期充电站),433130,011103,汽车服务;充电站;专用充电站,原始类别为专用充电站，开放范围待核验,2026-10-03T14:43:32Z,名称或类别线索，尚未人工核验
B0JR9PAA7L,433100,驴充充汽车充电站移动公司(内部专用),433130,011100,汽车服务;充电站;充电站,内部使用或限制开放,2026-10-03T14:43:32Z,名称或类别线索，尚未人工核验
B0LUJ7BDHT,433100,特来电目的地充电站(龙山县特来电岳麓学苑二期充电站),433130,011103,汽车服务;充电站;专用充电站,原始类别为专用充电站，开放范围待核验,2026-10-03T14:43:32Z,名称或类别线索，尚未人工核验
B0L33N8TT5,433100,云快充汽车充电站(旺通充电站1)(暂停营业),433130,011100,汽车服务;充电站;充电站,暂停营业,2026-10-03T14:43:33Z,名称或类别线索，尚未人工核验
B0L0R554EJ,430100,能效邻里共享汽车充电站(龙湖碧桂园天宸原著2期555车位能效充电桩),430102,011100,汽车服务;充电站;充电站,名称未明确车辆类型,2026-10-04T02:37:39Z,名称或类别线索，尚未人工核验
B0LK0581RK,430100,能效邻里共享汽车充电站(天宸原著1期15栋能效充电桩),430102,011100,汽车服务;充电站;充电站,名称未明确车辆类型,2026-10-04T02:37:39Z,名称或类别线索，尚未人工核验
B0L61UN2DG,430100,蔚来能源目的地充电站(内部使用长沙芙蓉区公安局),430102,011100,汽车服务;充电站;充电站,内部使用或限制开放,2026-10-04T02:37:42Z,名称或类别线索，尚未人工核验
B0LAKXLQJT,430100,云快充充电站(省残联1栋停车场)(内部专用),430102,011103,汽车服务;充电站;专用充电站,内部使用或限制开放；原始类别为专用充电站，开放范围待核验,2026-10-04T02:37:42Z,名称或类别线索，尚未人工核验
B0LK35ZP9H,430100,能效邻里共享汽车充电站(长房东云台2栋能效充电桩),430102,011100,汽车服务;充电站;充电站,名称未明确车辆类型,2026-10-04T02:37:44Z,名称或类别线索，尚未人工核验
B0KD1ZCK1W,430100,能效邻里共享汽车充电站(安桩帮站),430102,011100,汽车服务;充电站;充电站,名称未明确车辆类型,2026-10-04T02:37:44Z,名称或类别线索，尚未人工核验
B0M6B5HMX1,430100,能效邻里共享汽车充电站(诺泰充电桩),430102,011100,汽车服务;充电站;充电站,名称未明确车辆类型,2026-10-04T02:37:44Z,名称或类别线索，尚未人工核验
B0LAL5PYDY,430100,能效邻里共享汽车充电站(能效充电桩),430102,011100,汽车服务;充电站;充电站,名称未明确车辆类型,2026-10-04T02:37:44Z,名称或类别线索，尚未人工核验
B0FFL9IJQM,430100,云快充充电站(湖南省高级人民法院北门一层)(内部专用),430102,011103,汽车服务;充电站;专用充电站,内部使用或限制开放；原始类别为专用充电站，开放范围待核验,2026-10-04T02:37:45Z,名称或类别线索，尚未人工核验
B0LR5UAGTJ,430100,来充电呗汽车充电站(金利路铁路桥站)(暂停营业),430102,011100,汽车服务;充电站;充电站,暂停营业,2026-10-04T02:37:46Z,名称或类别线索，尚未人工核验
B0FFL6BVUF,430100,依威能源汽车充电站(万象新天)(暂停营业),430102,011100,汽车服务;充电站;充电站,暂停营业,2026-10-04T02:37:46Z,名称或类别线索，尚未人工核验
B0LA7ZLL71,430100,蔚景云汽车充电站(中建嘉苑站点),430103,011104,汽车服务;充电站;个人充电站,原始类别为个人充电站，开放范围待核验,2026-10-04T02:37:47Z,名称或类别线索，尚未人工核验
B0L1D5TVP9,430100,能效邻里共享汽车充电站(大唐印象御玺7KW慢冲桩),430103,011100,汽车服务;充电站;充电站,名称未明确车辆类型,2026-10-04T02:37:47Z,名称或类别线索，尚未人工核验
B0K139U7EH,430100,汽车充电站(鑫远翡丽郡一期5栋二单元电梯口旁共享充电桩),430103,011100,汽车服务;充电站;充电站,名称未明确车辆类型,2026-10-04T02:37:50Z,名称或类别线索，尚未人工核验
B0LKY53TE9,430100,能效邻里共享汽车充电站(旭辉华宇南宸府9栋能效充电桩),430103,011100,汽车服务;充电站;充电站,名称未明确车辆类型,2026-10-04T02:37:51Z,名称或类别线索，尚未人工核验
B0L07B07O6,430100,中国铁塔汽车充电站(铁塔能源湖南岳麓区莲花气象充电站),430104,011104,汽车服务;充电站;个人充电站,原始类别为个人充电站，开放范围待核验,2026-10-04T02:37:55Z,名称或类别线索，尚未人工核验
B0M2Y58D4Q,430100,滴滴充电汽车充电站(桐木村充电站),430104,011103,汽车服务;充电站;专用充电站,原始类别为专用充电站，开放范围待核验,2026-10-04T02:37:55Z,名称或类别线索，尚未人工核验
B0L3FS5FSM,430100,能效邻里共享汽车充电站(学士翰林苑地下室充电站),430104,011100,汽车服务;充电站;充电站,名称未明确车辆类型,2026-10-04T02:37:55Z,名称或类别线索，尚未人工核验
B0MAGYXXZZ,430100,能效邻里共享汽车充电站(学士翰林苑地下停车场6栋充电站),430104,011100,汽车服务;充电站;充电站,名称未明确车辆类型,2026-10-04T02:37:56Z,名称或类别线索，尚未人工核验
B0MROMG4XR,430100,滴滴充电汽车充电站(学士路充电站),430104,011103,汽车服务;充电站;专用充电站,原始类别为专用充电站，开放范围待核验,2026-10-04T02:37:56Z,名称或类别线索，尚未人工核验
B0LUHZJXR6,430100,蔚景云汽车充电站(梧桐学校充电站),430104,011103,汽车服务;充电站;专用充电站,原始类别为专用充电站，开放范围待核验,2026-10-04T02:37:57Z,名称或类别线索，尚未人工核验
B0LKY540YQ,430100,能效邻里共享汽车充电站(江山帝景普罗旺斯34栋能效充电桩),430104,011100,汽车服务;充电站;充电站,名称未明确车辆类型,2026-10-04T02:37:58Z,名称或类别线索，尚未人工核验
B0L0UCVNDZ,430100,滴滴充电汽车充电站(车库长沙湘江红桥),430104,011103,汽车服务;充电站;专用充电站,原始类别为专用充电站，开放范围待核验,2026-10-04T02:38:02Z,名称或类别线索，尚未人工核验
B0L0B5V31J,430100,能效邻里共享汽车充电站(恒大御景半岛能效充电桩),430105,011100,汽车服务;充电站;充电站,名称未明确车辆类型,2026-10-04T02:38:05Z,名称或类别线索，尚未人工核验
B0JK66XV3P,430100,达克云汽车充电站(晟威公司高岭建材市场充电站)(暂停营业),430105,011100,汽车服务;充电站;充电站,暂停营业,2026-10-04T02:38:06Z,名称或类别线索，尚未人工核验
B0M645J4PO,430100,能效邻里共享汽车充电站(颐辰逸家),430105,011100,汽车服务;充电站;充电站,名称未明确车辆类型,2026-10-04T02:38:06Z,名称或类别线索，尚未人工核验
B0MDDHN1OD,430100,能效邻里共享汽车充电站(万科璞悦湾北能效充电桩),430105,011100,汽车服务;充电站;充电站,名称未明确车辆类型,2026-10-04T02:38:07Z,名称或类别线索，尚未人工核验
B0JRA5ER8W,430100,国家电网汽车充电站(长沙湖南家家红产业园停车场公共充电站)(不对外开放),430105,011103,汽车服务;充电站;专用充电站,内部使用或限制开放；原始类别为专用充电站，开放范围待核验,2026-10-04T02:38:07Z,名称或类别线索，尚未人工核验
B0L1L5DMOL,430100,能效邻里共享汽车充电站(汉回村能效充电桩),430105,011100,汽车服务;充电站;充电站,名称未明确车辆类型,2026-10-04T02:38:07Z,名称或类别线索，尚未人工核验
B0FFL8DQV4,430100,云快充汽车充电站(SC德怡园)(内部专用),430105,011100,汽车服务;充电站;充电站,内部使用或限制开放,2026-10-04T02:38:08Z,名称或类别线索，尚未人工核验
B0K0O53CJ3,430100,能效邻里共享汽车充电站(盛湘龙),430105,011100,汽车服务;充电站;充电站,名称未明确车辆类型,2026-10-04T02:38:09Z,名称或类别线索，尚未人工核验
B0LDJ6LU9W,430100,星星充电汽车充电站(星星充电-悦诚食品充电站内部专用),430111,011100,汽车服务;充电站;充电站,内部使用或限制开放,2026-10-04T02:38:11Z,名称或类别线索，尚未人工核验
B0L61BG2Q6,430100,云快充汽车充电站(固泰混凝土)(内部专用),430111,011100,汽车服务;充电站;充电站,内部使用或限制开放,2026-10-04T02:38:12Z,名称或类别线索，尚未人工核验
B0K3S5JTRU,430100,能效邻里共享汽车充电站(能效中建嘉和城站),430111,011100,汽车服务;充电站;充电站,名称未明确车辆类型,2026-10-04T02:38:12Z,名称或类别线索，尚未人工核验
B0LK057OP5,430100,能效邻里共享汽车充电站(长房明宸府负一楼B508车位),430111,011100,汽车服务;充电站;充电站,名称未明确车辆类型,2026-10-04T02:38:13Z,名称或类别线索，尚未人工核验
B0KRDUIIMJ,430100,汽车充电站(润和瀚文府C061共享充电桩),430111,011100,汽车服务;充电站;充电站,名称未明确车辆类型,2026-10-04T02:38:18Z,名称或类别线索，尚未人工核验
B0LUR54YTC,430100,能效邻里共享汽车充电站(星城驾校玉龙校区),430112,011100,汽车服务;充电站;充电站,名称未明确车辆类型,2026-10-04T02:38:19Z,名称或类别线索，尚未人工核验
B0LRH58LZ6,430100,能效邻里共享汽车充电站(绿地香树花城三栋能效充电桩),430112,011100,汽车服务;充电站;充电站,名称未明确车辆类型,2026-10-04T02:38:19Z,名称或类别线索，尚未人工核验
B0L2KAFLK4,430100,车享邦共享充电桩-长房星珑湾,430112,011100,汽车服务;充电站;充电站,名称未明确车辆类型,2026-10-04T02:38:19Z,名称或类别线索，尚未人工核验
B0M6UHP1WR,430100,能效邻里共享汽车充电站(星城驾校玉龙校区),430112,011100,汽车服务;充电站;充电站,名称未明确车辆类型,2026-10-04T02:38:20Z,名称或类别线索，尚未人工核验
B0LR35CJO1,430100,能效邻里共享汽车充电站(嘉宇北部湾B3栋充电桩),430112,011100,汽车服务;充电站;充电站,名称未明确车辆类型,2026-10-04T02:38:21Z,名称或类别线索，尚未人工核验
B0KGU7SDJF,430100,特来电汽车充电站(龙骧特来电望城高塘岭敬老院充电站)(暂停营业),430112,011100,汽车服务;充电站;充电站,暂停营业,2026-10-04T02:38:22Z,名称或类别线索，尚未人工核验
B0L3CRK6XS,430100,国家电网汽车充电站(国网长沙市望城汽车站公共充电站)(暂停营业),430112,011100,汽车服务;充电站;充电站,暂停营业,2026-10-04T02:38:22Z,名称或类别线索，尚未人工核验
B0LAA5GJ3R,430100,能效邻里共享汽车充电站(能效充电桩),430112,011100,汽车服务;充电站;充电站,名称未明确车辆类型,2026-10-04T02:38:25Z,名称或类别线索，尚未人工核验
B0K3L52W0R,430100,能效邻里共享汽车充电站(枫林港1号充电桩),430121,011100,汽车服务;充电站;充电站,名称未明确车辆类型,2026-10-04T02:38:27Z,名称或类别线索，尚未人工核验
B0LDJXYRKV,430100,云快充目的地充电站(湖南湘研种业有限公司不对外运营充电),430121,011103,汽车服务;充电站;专用充电站,内部使用或限制开放；原始类别为专用充电站，开放范围待核验,2026-10-04T02:38:27Z,名称或类别线索，尚未人工核验
B0KR7RNMZJ,430100,蔚来能源目的地充电站(内部使用浏阳市教育局),430181,011100,汽车服务;充电站;充电站,内部使用或限制开放,2026-10-04T02:38:36Z,名称或类别线索，尚未人工核验
B0L1J58U75,430100,能效邻里共享汽车充电站(鑫淼酒店),430181,011100,汽车服务;充电站;充电站,名称未明确车辆类型,2026-10-04T02:38:37Z,名称或类别线索，尚未人工核验
B0M675Y1CL,430100,能效邻里共享汽车充电站(礼花山庄64栋cc的充电桩),430181,011100,汽车服务;充电站;充电站,名称未明确车辆类型,2026-10-04T02:38:37Z,名称或类别线索，尚未人工核验
B0L6U770NA,430100,特来电目的地充电站(浏阳工业品大市场慢充充电站),430181,011103,汽车服务;充电站;专用充电站,原始类别为专用充电站，开放范围待核验,2026-10-04T02:38:38Z,名称或类别线索，尚未人工核验
B0L26HEC3A,430100,特来电目的地充电站(浏阳工业品22栋慢充充电站),430181,011103,汽车服务;充电站;专用充电站,原始类别为专用充电站，开放范围待核验,2026-10-04T02:38:38Z,名称或类别线索，尚未人工核验
B0M29AT10N,430100,中国铁塔汽车充电站(湖南长沙市长浏高速浏阳西充电站),430181,011103,汽车服务;充电站;专用充电站,原始类别为专用充电站，开放范围待核验,2026-10-04T02:38:39Z,名称或类别线索，尚未人工核验
B0LRH57UV0,430100,能效邻里共享汽车充电站(大光园村充电桩),430181,011100,汽车服务;充电站;充电站,名称未明确车辆类型,2026-10-04T02:38:40Z,名称或类别线索，尚未人工核验
B0MR26N2SU,430100,能佳安充汽车充电站(贺厨酒店充电站),430182,011103,汽车服务;充电站;专用充电站,原始类别为专用充电站，开放范围待核验,2026-10-04T02:39:05Z,名称或类别线索，尚未人工核验
B0LR254OFH,430100,能效邻里共享汽车充电站(致美家居能效充电桩),430182,011100,汽车服务;充电站;充电站,名称未明确车辆类型,2026-10-04T02:39:07Z,名称或类别线索，尚未人工核验
B0M6VPI087,430100,能效邻里共享汽车充电站(致美家居能效充电桩),430182,011100,汽车服务;充电站;充电站,名称未明确车辆类型,2026-10-04T02:39:08Z,名称或类别线索，尚未人工核验
B0L1H5XJZH,430100,能效邻里共享汽车充电站(翡翠年华车库能效共享充电桩),430182,011100,汽车服务;充电站;充电站,名称未明确车辆类型,2026-10-04T02:39:10Z,名称或类别线索，尚未人工核验
B0M2YS6D6R,430200,新电途汽车充电站(株洲市官庄水库管理局充电站)(内部专用),430281,011103,汽车服务;充电站;专用充电站,内部使用或限制开放；原始类别为专用充电站，开放范围待核验,2026-10-04T02:39:19Z,名称或类别线索，尚未人工核验
B0J6N9NQ7R,430600,星星充电汽车充电站(43F10-广汽丰田岳阳华运丰巴陵店)(暂停营业),430602,011100,汽车服务;充电站;充电站,暂停营业,2026-10-04T02:39:23Z,名称或类别线索，尚未人工核验
B0IAL5YJ1I,430600,星星充电汽车充电站(宏安大厦充电桩群)(暂停营业),430602,011100,汽车服务;充电站;充电站,暂停营业,2026-10-04T02:39:26Z,名称或类别线索，尚未人工核验
B0L61U74HF,430600,蔚来能源目的地充电站(内部使用岳阳益海嘉里新厂区),430602,011100,汽车服务;充电站;充电站,内部使用或限制开放,2026-10-04T02:39:27Z,名称或类别线索，尚未人工核验
B0LDJ5W1W3,430700,能效邻里共享汽车充电站(紫东苑),430702,011100,汽车服务;充电站;充电站,名称未明确车辆类型,2026-10-04T02:39:30Z,名称或类别线索，尚未人工核验
B0LRX5YMAW,430700,能效邻里共享汽车充电站(行行行共享充电站),430702,011100,汽车服务;充电站;充电站,名称未明确车辆类型,2026-10-04T02:39:31Z,名称或类别线索，尚未人工核验
B0L0L59MM1,430700,能效邻里共享汽车充电站(金泉世纪),430702,011100,汽车服务;充电站;充电站,名称未明确车辆类型,2026-10-04T02:39:34Z,名称或类别线索，尚未人工核验
B0M64AIQV5,430700,中国铁塔汽车充电站(湖南省常德职业技术学院充电站)(内部专用),430702,011103,汽车服务;充电站;专用充电站,内部使用或限制开放；原始类别为专用充电站，开放范围待核验,2026-10-04T02:39:35Z,名称或类别线索，尚未人工核验
B0IAL5XW9S,430700,星星充电汽车充电站(常德市第二人民医院住院部充电桩群)(暂停营业),430702,011100,汽车服务;充电站;充电站,暂停营业,2026-10-04T02:39:35Z,名称或类别线索，尚未人工核验
B0IAL5X4KX,430700,星星充电汽车充电站(常德第二人民医院充电桩群)(暂停营业),430702,011100,汽车服务;充电站;充电站,暂停营业,2026-10-04T02:39:35Z,名称或类别线索，尚未人工核验
B0LD55TU0Z,430700,能效邻里共享汽车充电站(常德威固),430702,011100,汽车服务;充电站;充电站,名称未明确车辆类型,2026-10-04T02:39:35Z,名称或类别线索，尚未人工核验
B0M21RYOOJ,430800,星星充电汽车充电站(交投充电42号站-检察院不对外开放)(暂停营业),430802,011100,汽车服务;充电站;充电站,暂停营业；内部使用或限制开放,2026-10-04T02:39:40Z,名称或类别线索，尚未人工核验
B0KUF13KUF,430800,交投能源汽车充电站(交投充电42号站-检察院不对外开放),430802,011100,汽车服务;充电站;充电站,内部使用或限制开放,2026-10-04T02:39:40Z,名称或类别线索，尚未人工核验
B0LGH5SC2A,430900,能效邻里共享汽车充电站(艾维家居),430903,011100,汽车服务;充电站;充电站,名称未明确车辆类型,2026-10-04T02:39:44Z,名称或类别线索，尚未人工核验
B0M6P5LYBM,431000,能效邻里共享汽车充电站(朝阳家园能效共享充电桩),431002,011100,汽车服务;充电站;充电站,名称未明确车辆类型,2026-10-04T02:39:55Z,名称或类别线索，尚未人工核验
B0K6O4K4N4,431300,云快充(互联接入汽车充电站娄星产业开发区电动汽车社会公共充电设施建设项目一站)(暂停营业),431302,011100,汽车服务;充电站;充电站,暂停营业,2026-10-04T02:40:05Z,名称或类别线索，尚未人工核验
B0H6OUSZ6N,431300,张家坊充电站(内部专用),431322,011103,汽车服务;充电站;专用充电站,内部使用或限制开放；原始类别为专用充电站，开放范围待核验,2026-10-04T02:40:09Z,名称或类别线索，尚未人工核验
B0L2AK0VM5,431300,星星充电汽车充电站(临时下线新化卓尔建材充电站)(暂停营业),431322,011100,汽车服务;充电站;充电站,暂停营业,2026-10-04T02:40:11Z,名称或类别线索，尚未人工核验
B0L3P5G2NA,431300,能效邻里共享汽车充电站(东湾里充电桩),431322,011100,汽车服务;充电站;充电站,名称未明确车辆类型,2026-10-04T02:40:12Z,名称或类别线索，尚未人工核验
B0J6MHHM1U,430100,汽车充电站(速停车·大圣湖南省图书馆站)(暂停营业),430102,011100,汽车服务;充电站;充电站,暂停营业,2026-10-04T02:40:19Z,名称或类别线索，尚未人工核验
B0KR7RHKIP,430100,蔚来能源目的地充电站(内部使用长沙芙蓉区公安局机关二院),430102,011100,汽车服务;充电站;充电站,内部使用或限制开放,2026-10-04T02:40:22Z,名称或类别线索，尚未人工核验
B0FFLHQCMV,430100,云快充汽车充电站(内部专用),430102,011103,汽车服务;充电站;专用充电站,内部使用或限制开放；原始类别为专用充电站，开放范围待核验,2026-10-04T02:40:25Z,名称或类别线索，尚未人工核验
B0MDSME720,430100,能效邻里共享汽车充电站(东业上城B220),430102,011100,汽车服务;充电站;充电站,名称未明确车辆类型,2026-10-04T02:40:30Z,名称或类别线索，尚未人工核验
B0I6VH75L6,430100,云快充汽车充电站(湖南省特教中等专业学校)(不对外开放),430103,011103,汽车服务;充电站;专用充电站,内部使用或限制开放；原始类别为专用充电站，开放范围待核验,2026-10-04T02:40:34Z,名称或类别线索，尚未人工核验
B0FFIIRM21,430100,星星充电汽车充电站(爱之心老年公寓)(暂停营业),430103,011100,汽车服务;充电站;充电站,暂停营业,2026-10-04T02:40:35Z,名称或类别线索，尚未人工核验
B0K3V5I20S,430100,能效邻里共享汽车充电站(怡海星城62栋富汇园),430103,011100,汽车服务;充电站;充电站,名称未明确车辆类型,2026-10-04T02:40:37Z,名称或类别线索，尚未人工核验
B0MD0YQM90,430100,云快充汽车充电站(科技学院新校区)(不对外开放),430103,011103,汽车服务;充电站;专用充电站,内部使用或限制开放；原始类别为专用充电站，开放范围待核验,2026-10-04T02:40:37Z,名称或类别线索，尚未人工核验
B0L6P532EG,430100,能效邻里共享汽车充电站(猪圈),430103,011100,汽车服务;充电站;充电站,名称未明确车辆类型,2026-10-04T02:40:41Z,名称或类别线索，尚未人工核验
B0JUDA4MKN,430100,中国铁塔汽车充电站(湖南长沙邮电学院充电站)(暂停营业),430103,011100,汽车服务;充电站;充电站,暂停营业,2026-10-04T02:40:45Z,名称或类别线索，尚未人工核验
B0LD557XMR,430100,云杉智慧汽车充电站(湖南省人民政府充电站)(内部专用),430103,011103,汽车服务;充电站;专用充电站,内部使用或限制开放；原始类别为专用充电站，开放范围待核验,2026-10-04T02:40:45Z,名称或类别线索，尚未人工核验
B0LBLLQSJW,430100,汽车充电站(速停车·大圣充电站中云公寓)(暂停营业),430103,011100,汽车服务;充电站;充电站,暂停营业,2026-10-04T02:40:51Z,名称或类别线索，尚未人工核验
B0LDUCFMXL,430100,能效邻里共享汽车充电站(恒大滨江左岸能效充电桩),430104,011100,汽车服务;充电站;充电站,名称未明确车辆类型,2026-10-04T02:40:58Z,名称或类别线索，尚未人工核验
B0MA2HR9YH,430100,能效邻里共享汽车充电站(钰山湖353),430104,011100,汽车服务;充电站;充电站,名称未明确车辆类型,2026-10-04T02:41:00Z,名称或类别线索，尚未人工核验
B0K3244MQY,430100,润诚达汽车充电站(卓伯根中国总部)(暂停营业),430104,011100,汽车服务;充电站;充电站,暂停营业,2026-10-04T02:41:01Z,名称或类别线索，尚未人工核验
B0MD2C6G4L,430100,云快充目的地充电站(金茂悦2期共享充电桩),430104,011100,汽车服务;充电站;充电站,名称未明确车辆类型,2026-10-04T02:41:05Z,名称或类别线索，尚未人工核验
B0MD2C6G4I,430100,云快充目的地充电站(天祥水晶湾共享充电桩),430104,011100,汽车服务;充电站;充电站,名称未明确车辆类型,2026-10-04T02:41:06Z,名称或类别线索，尚未人工核验
B0LULU740C,430100,来充电呗汽车充电站(数控比亚迪快充)(暂停营业),430104,011100,汽车服务;充电站;充电站,暂停营业,2026-10-04T02:41:10Z,名称或类别线索，尚未人工核验
B0KAFPH7DX,430100,小桔充电汽车充电站(长沙城发能源梅溪湖桥下充电站)(不对外开放),430104,011103,汽车服务;充电站;专用充电站,内部使用或限制开放；原始类别为专用充电站，开放范围待核验,2026-10-04T02:41:11Z,名称或类别线索，尚未人工核验
B0FFIL3X4K,430100,能翔新能源充电站(暂停营业),430104,011100,汽车服务;充电站;充电站,暂停营业,2026-10-04T02:41:11Z,名称或类别线索，尚未人工核验
B0L2CBHFBV,430100,汽车充电站(中国石化望城坡一充电站)(装修中),430104,011100,汽车服务;充电站;充电站,装修或建设中,2026-10-04T02:41:12Z,名称或类别线索，尚未人工核验
B0K6ZU0X84,430100,蔚来能源目的地充电站(已拆除长沙北辰大悦城)(暂停营业),430105,011100,汽车服务;充电站;充电站,暂停营业；已拆除,2026-10-04T02:41:17Z,名称或类别线索，尚未人工核验
B0JB1U8YP9,430100,蔚来能源目的地充电站(已拆除长沙北辰国荟酒店)(暂停营业),430105,011100,汽车服务;充电站;充电站,暂停营业；已拆除,2026-10-04T02:41:18Z,名称或类别线索，尚未人工核验
B0MD35FF1P,430100,能效邻里共享汽车充电站(藏珑小区2区6栋2单元能效充电桩),430105,011100,汽车服务;充电站;充电站,名称未明确车辆类型,2026-10-04T02:41:21Z,名称或类别线索，尚未人工核验
B0L0750TYZ,430100,能效邻里共享汽车充电站(恒大雅苑26栋能效充电桩),430105,011100,汽车服务;充电站;充电站,名称未明确车辆类型,2026-10-04T02:41:21Z,名称或类别线索，尚未人工核验
B0L2L5OLGK,430100,能效邻里共享汽车充电站(才子佳苑能效充电桩),430105,011100,汽车服务;充电站;充电站,名称未明确车辆类型,2026-10-04T02:41:25Z,名称或类别线索，尚未人工核验
B0L2C5GOV0,430100,能效邻里共享汽车充电站(青竹湖畔景湖苑9栋),430105,011100,汽车服务;充电站;充电站,名称未明确车辆类型,2026-10-04T02:41:29Z,名称或类别线索，尚未人工核验
B0JUAPMO53,430100,驴充充汽车充电站(开福区青竹湖湘一外国语学校第二附属小学)(内部专用),430105,011103,汽车服务;充电站;专用充电站,内部使用或限制开放；原始类别为专用充电站，开放范围待核验,2026-10-04T02:41:30Z,名称或类别线索，尚未人工核验
B0LAPSD39E,430100,云快充目的地充电站(友行便利店公牛共享充电桩7KW双枪慢充),430105,011100,汽车服务;充电站;充电站,名称未明确车辆类型,2026-10-04T02:41:30Z,名称或类别线索，尚未人工核验
B0LUC5TTAG,430100,能效邻里共享汽车充电站(佳海工业园二期E4栋能效充电桩),430105,011100,汽车服务;充电站;充电站,名称未明确车辆类型,2026-10-04T02:41:30Z,名称或类别线索，尚未人工核验
B0M2Y58663,430100,滴滴充电汽车充电站(谭家屋充电站),430105,011103,汽车服务;充电站;专用充电站,原始类别为专用充电站，开放范围待核验,2026-10-04T02:41:34Z,名称或类别线索，尚未人工核验
B0IRZL5N80,430100,蔚来能源目的地充电站(内部使用长沙老百姓大药房),430105,011100,汽车服务;充电站;充电站,内部使用或限制开放,2026-10-04T02:41:34Z,名称或类别线索，尚未人工核验
B0LAPXLMLN,430100,云快充目的地充电站(科技职业学院雨花井湾子校区),430111,011103,汽车服务;充电站;专用充电站,原始类别为专用充电站，开放范围待核验,2026-10-04T02:41:39Z,名称或类别线索，尚未人工核验
B0GKYZI2F5,430100,依威能源汽车充电站(水映青山住宅)(暂停营业),430111,011100,汽车服务;充电站;充电站,暂停营业,2026-10-04T02:41:42Z,名称或类别线索，尚未人工核验
B0MGB1VK8X,430100,电动车充电处,430111,011100,汽车服务;充电站;充电站,名称未明确车辆类型,2026-10-04T02:41:43Z,名称或类别线索，尚未人工核验
B0L2354HDB,430100,能效邻里共享汽车充电站(中建信和城能效充电桩),430111,011100,汽车服务;充电站;充电站,名称未明确车辆类型,2026-10-04T02:41:45Z,名称或类别线索，尚未人工核验
B0KGSGF7ZA,430100,小桔充电汽车充电站(长沙市雨花区金轮星光名座)(暂停营业),430111,011100,汽车服务;充电站;充电站,暂停营业,2026-10-04T02:41:46Z,名称或类别线索，尚未人工核验
B0IK39301D,430100,星星充电汽车充电站(湖南能投售电省人才市场充电站)(内部专用),430111,011100,汽车服务;充电站;充电站,内部使用或限制开放,2026-10-04T02:41:46Z,名称或类别线索，尚未人工核验
B0L1Z5MA7M,430100,能效邻里共享汽车充电站(能效枫林路海德广场地下车库充电桩),430112,011100,汽车服务;充电站;充电站,名称未明确车辆类型,2026-10-04T02:41:55Z,名称或类别线索，尚未人工核验
B0KRVKBNRH,430100,云快充汽车充电站(龙虎仓储物流园充电站),430112,011104,汽车服务;充电站;个人充电站,原始类别为个人充电站，开放范围待核验,2026-10-04T02:42:06Z,名称或类别线索，尚未人工核验
B0L1CO7IYE,430100,小桔充电汽车充电站(慢充站望城格塘卫生院)(暂停营业),430112,011100,汽车服务;充电站;充电站,暂停营业,2026-10-04T02:42:08Z,名称或类别线索，尚未人工核验
B0M6N5EPID,430100,能效邻里共享汽车充电站(融创城C268车位),430112,011100,汽车服务;充电站;充电站,名称未明确车辆类型,2026-10-04T02:42:10Z,名称或类别线索，尚未人工核验
B0K6JKS6T3,430100,蔚来能源目的地充电站(内部使用长沙穗城轨道交通集团),430121,011100,汽车服务;充电站;充电站,内部使用或限制开放,2026-10-04T02:42:12Z,名称或类别线索，尚未人工核验
B0KDAPL8XQ,430100,国家电网汽车充电站(国网长沙县黄梨派出所公共充电站)(内部专用),430121,011103,汽车服务;充电站;专用充电站,内部使用或限制开放；原始类别为专用充电站，开放范围待核验,2026-10-04T02:42:12Z,名称或类别线索，尚未人工核验
B0MDLRL481,430100,新电途汽车充电站(湖南橘壹号黄梨派出所充电站)(内部专用),430121,011103,汽车服务;充电站;专用充电站,内部使用或限制开放；原始类别为专用充电站，开放范围待核验,2026-10-04T02:42:12Z,名称或类别线索，尚未人工核验
B0KKR509CY,430100,蔚来能源目的地充电站(内部使用长沙索恩格汽车),430121,011100,汽车服务;充电站;充电站,内部使用或限制开放,2026-10-04T02:42:12Z,名称或类别线索，尚未人工核验
B0LRFP6ODT,430100,驴充充汽车充电站(福天星小区地下停车场8栋J029共享充电桩车位),430121,011100,汽车服务;充电站;充电站,名称未明确车辆类型,2026-10-04T02:42:12Z,名称或类别线索，尚未人工核验
B0L2C5HRKM,430100,能效邻里共享汽车充电站(未来蜂巢能效充电桩),430121,011100,汽车服务;充电站;充电站,名称未明确车辆类型,2026-10-04T02:42:15Z,名称或类别线索，尚未人工核验
B0IDV1T47Y,430100,云快充汽车充电站(湖南水利水电职业技术学院)(内部专用),430121,011103,汽车服务;充电站;专用充电站,内部使用或限制开放；原始类别为专用充电站，开放范围待核验,2026-10-04T02:42:15Z,名称或类别线索，尚未人工核验
B0FFHKJH1G,430100,国家电动汽车充电站(泉塘站)(暂停营业),430121,011100,汽车服务;充电站;充电站,暂停营业,2026-10-04T02:42:16Z,名称或类别线索，尚未人工核验
B0KBNUIAU6,430100,汽车充电站(蔚来目充站长沙博世汽车)(内部使用),430121,011103,汽车服务;充电站;专用充电站,内部使用或限制开放；原始类别为专用充电站，开放范围待核验,2026-10-04T02:42:17Z,名称或类别线索，尚未人工核验
B0JRA5K3X2,430100,汽车充电站(国家电网长沙县经开区供电服务站)(暂停营业),430121,011100,汽车服务;充电站;充电站,暂停营业,2026-10-04T02:42:19Z,名称或类别线索，尚未人工核验
B0M2OP0HGB,430100,国网湖南超高压输电公司汽车充电站(内部专用)(暂停营业),430121,011103,汽车服务;充电站;专用充电站,暂停营业；内部使用或限制开放；原始类别为专用充电站，开放范围待核验,2026-10-04T02:42:19Z,名称或类别线索，尚未人工核验
B0LRT59LLW,430100,能效邻里共享汽车充电站(北山镇常丰村能效充电桩),430121,011100,汽车服务;充电站;充电站,名称未明确车辆类型,2026-10-04T02:42:25Z,名称或类别线索，尚未人工核验
B0MDC73CN2,430100,能效邻里共享汽车充电站(江安节能玻璃能效充电桩),430121,011100,汽车服务;充电站;充电站,名称未明确车辆类型,2026-10-04T02:42:25Z,名称或类别线索，尚未人工核验
B0L0ODHQY7,430100,星星充电汽车充电站(不对外开放星城新能源开慧镇政府),430121,011100,汽车服务;充电站;充电站,内部使用或限制开放,2026-10-04T02:42:26Z,名称或类别线索，尚未人工核验
B0LU1SBUY9,430100,云快充汽车充电站(长沙县青山铺镇广福村芦家塘组68号充点电充电站)(暂停营业),430121,011100,汽车服务;充电站;充电站,暂停营业,2026-10-04T02:42:27Z,名称或类别线索，尚未人工核验
B0MAGYY5Q3,430100,能效邻里共享汽车充电站(石燕7KW直流桩),430121,011100,汽车服务;充电站;充电站,名称未明确车辆类型,2026-10-04T02:42:28Z,名称或类别线索，尚未人工核验
B0KKR5OS3T,430100,蔚来能源目的地充电站(内部使用宁乡三一重起小区2期),430182,011100,汽车服务;充电站;充电站,内部使用或限制开放,2026-10-04T02:42:44Z,名称或类别线索，尚未人工核验
B0LAVU2CQI,430100,蔚来能源目的地充电站(内部使用湖南消防救援总队训练与战勤保障支队),430182,011100,汽车服务;充电站;充电站,内部使用或限制开放,2026-10-04T02:42:46Z,名称或类别线索，尚未人工核验
B0LAU57748,430700,能效邻里共享汽车充电站(吴家口村),430702,011100,汽车服务;充电站;充电站,名称未明确车辆类型,2026-10-04T02:43:25Z,名称或类别线索，尚未人工核验
B0L2F51F5G,431300,新电途汽车充电站(水车镇建国村高速出口充电站)(暂停营业),431322,011100,汽车服务;充电站;充电站,暂停营业,2026-10-04T02:44:22Z,名称或类别线索，尚未人工核验
B0M6X5QMOU,430100,能效邻里共享汽车充电站(阳光一百二期15栋C02车位),430104,011100,汽车服务;充电站;充电站,名称未明确车辆类型,2026-10-04T02:45:00Z,名称或类别线索，尚未人工核验
B0L1YPDXZQ,430100,蔚景云汽车充电站(不对外JZZ),430104,011104,汽车服务;充电站;个人充电站,内部使用或限制开放；原始类别为个人充电站，开放范围待核验,2026-10-04T02:45:00Z,名称或类别线索，尚未人工核验
B0LR2Z4ABI,430100,星星充电汽车充电站(已下线麓山城资后湖艺术园6号停车场充电站项目)(暂停营业),430104,011100,汽车服务;充电站;充电站,暂停营业,2026-10-04T02:45:02Z,名称或类别线索，尚未人工核验
B0FFKZWF4Z,430100,云快充充电站(湖南省民主党派)(内部专用),430104,011103,汽车服务;充电站;专用充电站,内部使用或限制开放；原始类别为专用充电站，开放范围待核验,2026-10-04T02:45:04Z,名称或类别线索，尚未人工核验
B0LKRR6ZXR,430100,能效邻里共享汽车充电站(美的9栋A092车位),430104,011100,汽车服务;充电站;充电站,名称未明确车辆类型,2026-10-04T02:45:08Z,名称或类别线索，尚未人工核验
B0L315UMKR,430100,能效邻里共享汽车充电站(美的麓府地下停车场负一楼6栋A155),430104,011100,汽车服务;充电站;充电站,名称未明确车辆类型,2026-10-04T02:45:08Z,名称或类别线索，尚未人工核验
B0LAPSGQDE,430100,汽车充电站(共享充电桩长房云尚公馆),430104,011100,汽车服务;充电站;充电站,名称未明确车辆类型,2026-10-04T02:45:08Z,名称或类别线索，尚未人工核验
B0LAVU73V7,430100,蔚来能源目的地充电站(内部使用长沙中兴通讯基地),430104,011100,汽车服务;充电站;充电站,内部使用或限制开放,2026-10-04T02:45:10Z,名称或类别线索，尚未人工核验
B0LKRR6ZY2,430100,能效邻里共享汽车充电站(八方小区b区8栋能效充电桩),430104,011100,汽车服务;充电站;充电站,名称未明确车辆类型,2026-10-04T02:45:13Z,名称或类别线索，尚未人工核验
B0L04SXNOH,430100,星星充电汽车充电站(湖南灌立达建材有限公司充电站)(不对外开放),430104,011100,汽车服务;充电站;充电站,内部使用或限制开放,2026-10-04T02:45:13Z,名称或类别线索，尚未人工核验
B0KKU5KMLM,430100,能效邻里共享汽车充电站(新芙蓉),430104,011100,汽车服务;充电站;充电站,名称未明确车辆类型,2026-10-04T02:45:14Z,名称或类别线索，尚未人工核验
B0HAVS9CC8,430100,一城风景小桔长沙市岳麓区滨江金融中心充电站(暂停营业),430104,011100,汽车服务;充电站;充电站,暂停营业,2026-10-04T02:45:15Z,名称或类别线索，尚未人工核验
B0FFIHDYZ8,430100,特来电汽车充电站(特来电长沙湘江新区金麓西岸和苑充电站)(暂停营业),430104,011100,汽车服务;充电站;充电站,暂停营业,2026-10-04T02:45:16Z,名称或类别线索，尚未人工核验
B0MAGYYIS5,430100,能效邻里共享汽车充电站(新城观山印能效充电桩),430104,011100,汽车服务;充电站;充电站,名称未明确车辆类型,2026-10-04T02:45:19Z,名称或类别线索，尚未人工核验
B0K6JKTH3H,430100,蔚来能源目的地充电站(内部使用长沙招商银行大厦),430104,011100,汽车服务;充电站;充电站,内部使用或限制开放,2026-10-04T02:45:19Z,名称或类别线索，尚未人工核验
B0L395RKMW,430100,能效邻里共享汽车充电站(蓝波湾小区2号楼),430105,011100,汽车服务;充电站;充电站,名称未明确车辆类型,2026-10-04T02:45:21Z,名称或类别线索，尚未人工核验
B0L6YOKNAX,430100,云快充(互联接入)汽车充电站(湖南省文史研究馆)(内部专用),430105,011103,汽车服务;充电站;专用充电站,内部使用或限制开放；原始类别为专用充电站，开放范围待核验,2026-10-04T02:45:23Z,名称或类别线索，尚未人工核验
B0FFLJ3T8Q,430100,云快充汽车充电站(出入境检疫局)(内部专用),430111,011103,汽车服务;充电站;专用充电站,内部使用或限制开放；原始类别为专用充电站，开放范围待核验,2026-10-04T02:45:51Z,名称或类别线索，尚未人工核验
B0LAVU73V8,430100,蔚来能源目的地充电站(内部使用长沙建设银行韶山南路支行),430111,011100,汽车服务;充电站;充电站,内部使用或限制开放,2026-10-04T02:45:58Z,名称或类别线索，尚未人工核验
B0L0S5J1X6,430100,能效邻里共享汽车充电站(格林公馆能效充电桩),430111,011100,汽车服务;充电站;充电站,名称未明确车辆类型,2026-10-04T02:46:02Z,名称或类别线索，尚未人工核验
B0KKB5L90O,430100,能效邻里共享汽车充电站(绿地E6-137车位),430111,011100,汽车服务;充电站;充电站,名称未明确车辆类型,2026-10-04T02:46:04Z,名称或类别线索，尚未人工核验
B0MASLGVRD,430100,喵充充共享充电桩(明昇壹城二期12栋负二F285车位),430111,011100,汽车服务;充电站;充电站,名称未明确车辆类型,2026-10-04T02:46:05Z,名称或类别线索，尚未人工核验
B0MR45FL4V,430100,能效邻里共享汽车充电站(万科悦府能效充电桩),430111,011100,汽车服务;充电站;充电站,名称未明确车辆类型,2026-10-04T02:46:05Z,名称或类别线索，尚未人工核验
B0KK552PDF,430100,能效邻里共享汽车充电站(雨花公馆地下车库486车位),430111,011100,汽车服务;充电站;充电站,名称未明确车辆类型,2026-10-04T02:46:06Z,名称或类别线索，尚未人工核验
B0L2K5FUJ1,430100,能效邻里共享汽车充电站(阳光城蓝莓苑能效充电桩),430111,011100,汽车服务;充电站;充电站,名称未明确车辆类型,2026-10-04T02:46:06Z,名称或类别线索，尚未人工核验
B0LK3504EE,430100,能效邻里共享汽车充电站(阳光城尚东湾4栋能效充电桩),430111,011100,汽车服务;充电站;充电站,名称未明确车辆类型,2026-10-04T02:46:06Z,名称或类别线索，尚未人工核验
B0KK97GJOJ,430100,汽车充电站(彭家湾2栋共享充电桩),430111,011100,汽车服务;充电站;充电站,名称未明确车辆类型,2026-10-04T02:46:07Z,名称或类别线索，尚未人工核验
B0L1H4WFC2,430100,小桔充电汽车充电站(长沙市雨花区平阳社区充电站)(暂停营业),430111,011100,汽车服务;充电站;充电站,暂停营业,2026-10-04T02:46:07Z,名称或类别线索，尚未人工核验
B0L6YOSQ9K,430100,云快充汽车充电站(雨花区城市之光光储充电站)(暂停营业),430111,011100,汽车服务;充电站;充电站,暂停营业,2026-10-04T02:46:08Z,名称或类别线索，尚未人工核验
B0KKR5KCAD,430100,蔚来能源目的地充电站(内部使用长沙市公安局网技支队),430112,011100,汽车服务;充电站;充电站,内部使用或限制开放,2026-10-04T02:46:18Z,名称或类别线索，尚未人工核验
B0LRL5NLK0,430100,能效邻里共享汽车充电站(润和之悦地下车库J17),430112,011100,汽车服务;充电站;充电站,名称未明确车辆类型,2026-10-04T02:46:18Z,名称或类别线索，尚未人工核验
B0MUMLWYG7,430100,能效邻里共享汽车充电站(可乐的充电站),430112,011100,汽车服务;充电站;充电站,名称未明确车辆类型,2026-10-04T02:46:18Z,名称或类别线索，尚未人工核验
B0MR340A3T,430100,集能充汽车充电站(润和美郡15栋地下室负一楼D区D091),430112,011104,汽车服务;充电站;个人充电站,原始类别为个人充电站，开放范围待核验,2026-10-04T02:46:18Z,名称或类别线索，尚未人工核验
B0LG95VR7S,430100,能效邻里共享汽车充电站(能效充电桩),430112,011100,汽车服务;充电站;充电站,名称未明确车辆类型,2026-10-04T02:46:19Z,名称或类别线索，尚未人工核验
B0L3L5QDFR,430100,能效邻里共享汽车充电站(澳海澜庭能效充电桩),430112,011100,汽车服务;充电站;充电站,名称未明确车辆类型,2026-10-04T02:46:19Z,名称或类别线索，尚未人工核验
B0L09REEMD,430100,万润业主共享充电桩,430112,011100,汽车服务;充电站;充电站,名称未明确车辆类型,2026-10-04T02:46:19Z,名称或类别线索，尚未人工核验
B0L1B5YOAY,430100,能效邻里共享汽车充电站(时代年华),430112,011100,汽车服务;充电站;充电站,名称未明确车辆类型,2026-10-04T02:46:21Z,名称或类别线索，尚未人工核验
B0L375KYMJ,430100,能效邻里共享汽车充电站(星河湾国际高尔夫俱乐部),430112,011100,汽车服务;充电站;充电站,名称未明确车辆类型,2026-10-04T02:46:23Z,名称或类别线索，尚未人工核验
B0LR6XHMM1,430100,云快充汽车充电站(望城日报印务中心)(内部专用)(暂停营业),430112,011103,汽车服务;充电站;专用充电站,暂停营业；内部使用或限制开放；原始类别为专用充电站，开放范围待核验,2026-10-04T02:46:24Z,名称或类别线索，尚未人工核验
B0MAGYXQP0,430100,能效邻里共享汽车充电站(意帆新能源能效充电站),430121,011100,汽车服务;充电站;充电站,名称未明确车辆类型,2026-10-04T02:46:42Z,名称或类别线索，尚未人工核验
B0MGXCYIGB,430100,扫码共享充电桩,430121,011100,汽车服务;充电站;充电站,名称未明确车辆类型,2026-10-04T02:46:43Z,名称或类别线索，尚未人工核验
B0MABYRZFI,430100,能效邻里共享汽车充电站(保利香槟国际能效充电桩),430121,011100,汽车服务;充电站;充电站,名称未明确车辆类型,2026-10-04T02:46:46Z,名称或类别线索，尚未人工核验
B0LKF5TNSQ,430100,能效邻里共享汽车充电站(荣盛城13栋能效充电桩),430121,011100,汽车服务;充电站;充电站,名称未明确车辆类型,2026-10-04T02:46:46Z,名称或类别线索，尚未人工核验
B0L2M5YTGP,430100,能效邻里共享汽车充电站(碧桂园翘楚棠能效充电桩),430121,011100,汽车服务;充电站;充电站,名称未明确车辆类型,2026-10-04T02:46:46Z,名称或类别线索，尚未人工核验
B0LKF5UG5T,430100,能效邻里共享汽车充电站(和顺府2栋负二楼A160车位能效充电桩),430121,011100,汽车服务;充电站;充电站,名称未明确车辆类型,2026-10-04T02:46:46Z,名称或类别线索，尚未人工核验
B0L0F4W7QI,430100,66星创物联汽车充电站(湖南工艺美术职业学院长沙基地北门)(内部专用),430121,011103,汽车服务;充电站;专用充电站,内部使用或限制开放；原始类别为专用充电站，开放范围待核验,2026-10-04T02:46:48Z,名称或类别线索，尚未人工核验
B0L61UPIO7,430100,蔚来能源目的地充电站(内部使用长沙师范学院南校区),430121,011100,汽车服务;充电站;充电站,内部使用或限制开放,2026-10-04T02:46:51Z,名称或类别线索，尚未人工核验
B0LKXCNY4H,430100,新电途汽车充电站(火星超能长沙市长沙县经开区新长龙超充站)(内部专用),430121,011103,汽车服务;充电站;专用充电站,内部使用或限制开放；原始类别为专用充电站，开放范围待核验,2026-10-04T02:46:54Z,名称或类别线索，尚未人工核验
B0HK3CRNWS,430100,云快充汽车充电站(产品质量监督研究院),430121,011103,汽车服务;充电站;专用充电站,原始类别为专用充电站，开放范围待核验,2026-10-04T02:46:56Z,名称或类别线索，尚未人工核验
B0MAVL6K9P,430100,能效邻里共享汽车充电站(我的场站),430121,011100,汽车服务;充电站;充电站,名称未明确车辆类型,2026-10-04T02:46:56Z,名称或类别线索，尚未人工核验
B0JANZOQJ7,430100,长杭高速星沙服务区电动汽车充电站(暂停营业),430121,011100,汽车服务;充电站;充电站,暂停营业,2026-10-04T02:46:57Z,名称或类别线索，尚未人工核验
B0JAN7KRR6,430100,长杭高速星沙服务区正伟汽车充电站(暂停营业),430121,011100,汽车服务;充电站;充电站,暂停营业,2026-10-04T02:46:57Z,名称或类别线索，尚未人工核验
B0MGZZHMIM,430100,蔚景云汽车充电站(佳辉丽景圆点充电站),430121,011103,汽车服务;充电站;专用充电站,原始类别为专用充电站，开放范围待核验,2026-10-04T02:48:41Z,名称或类别线索，尚未人工核验
B0JUJDP04S,430100,星星充电汽车充电站(湖南省长沙县星沙万象汇)(暂停营业),430121,011100,汽车服务;充电站;充电站,暂停营业,2026-10-04T02:48:58Z,名称或类别线索，尚未人工核验
B0L1M5GWE3,430100,能效邻里共享汽车充电站(幸福里润城能效充电桩),430121,011100,汽车服务;充电站;充电站,名称未明确车辆类型,2026-10-04T02:48:58Z,名称或类别线索，尚未人工核验
B0JACCQC2F,430100,特斯拉超级充电站(长沙世景广场皇冠假日酒店)(暂停营业),430121,011100,汽车服务;充电站;充电站,暂停营业,2026-10-04T02:48:59Z,名称或类别线索，尚未人工核验
B0MD9BNGJW,430100,蔚景云汽车充电站(世景广场电动车充电项目),430121,011100,汽车服务;充电站;充电站,名称未明确车辆类型,2026-10-04T02:48:59Z,名称或类别线索，尚未人工核验
B0MB35FTAJ,430100,能效邻里共享汽车充电站(凤凰城二期),430121,011100,汽车服务;充电站;充电站,名称未明确车辆类型,2026-10-04T02:48:59Z,名称或类别线索，尚未人工核验
B0LAVU6OFZ,430100,蔚来能源目的地充电站(内部使用长沙师范学院北校区),430121,011100,汽车服务;充电站;充电站,内部使用或限制开放,2026-10-04T02:49:05Z,名称或类别线索，尚未人工核验
B0L1VZB18M,430100,蔚景云汽车充电站(信息学院充电站)(内部专用),430121,011103,汽车服务;充电站;专用充电站,内部使用或限制开放；原始类别为专用充电站，开放范围待核验,2026-10-04T02:49:05Z,名称或类别线索，尚未人工核验
